id,tweetid,guid,link,author,title,description,pubdate,source,favorite_count,retweet_count,lang,quoted_text,tweet_type,in_reply_to_screen_name,in_reply_to_user_id,in_reply_to_status_id,retweeted_screen_name,retweeted_user_id,retweeted_status_id,user_id,profile_image_url,user_statuses_count,user_friends_count,user_followers_count,user_created_at,user_bio,user_location,user_verified,
1,1470015191911788546,"https://twitter.com/nang_ngh/statuses/1470015191911788546","https://twitter.com/nang_ngh/statuses/1470015191911788546","nang_ngh","Ora butuh di sanjung, mental kita tak serendah itu. Kita mung opo perlune, santai yo ditanggapi sante, nek arep gojek dilayani. Mung sebatas itu. Liane arep ngomong opo ya karena mereka bukan bagian dari kami.","Ora butuh di sanjung, mental kita tak serendah itu. Kita mung opo perlune, santai yo ditanggapi sante, nek arep gojek dilayani. Mung sebatas itu. Liane arep ngomong opo ya karena mereka bukan bagian dari kami.","2021-12-12 07:58:27","Twitter for Android",14,3,"in","","original","",0,0,"",0,0,1159842853159235584,"https://pbs.twimg.com/profile_images/1468991307125121025/9mtRtdHw_normal.jpg",1576,437,418,"2019-08-09 11:04:19","BUDAK KORPORAT YK !!","Semanu Raya ","",
2,1470011199785824256,"https://twitter.com/ivctra/statuses/1470011199785824256","https://twitter.com/ivctra/statuses/1470011199785824256","ivctra","wtb renjun boom ver (gojek)  prefer no pair+bisa ğŸŠ  kalo ada, dm aja","wtb renjun boom ver (gojek)  prefer no pair+bisa ğŸŠ  kalo ada, dm aja","2021-12-12 07:42:36","Twitter for Android",2,0,"in","","original","",0,0,"",0,0,1435996673449213953,"https://pbs.twimg.com/profile_images/1457718654229876736/pOqHdCBF_normal.jpg",933,53,33,"2021-09-09 12:01:14","PA/FA. akun sy serbaguna ||  jgan stalk ini area jamet, mending polow aj","she/her","",
3,1470010051871997954,"https://twitter.com/hellomunidisini/statuses/1470010051871997954","https://twitter.com/hellomunidisini/statuses/1470010051871997954","hellomunidisini","Sepertinya akan memutuskan untuk download app gojek soalnya mau ngirim barang ğŸ¤”ğŸ¤”","Sepertinya akan memutuskan untuk download app gojek soalnya mau ngirim barang ğŸ¤”ğŸ¤”","2021-12-12 07:38:02","Twitter for Android",1,1,"in","","original","",0,0,"",0,0,131148943,"https://pbs.twimg.com/profile_images/1468964565442461713/x4lhUKFc_normal.jpg",26984,160,257,"2010-04-09 08:13:58","Open Minded and Open Heart  Tarot Reader ( Dhami Paritrana Tarot )","Bali , Indonesia","",
4,1469993605796274176,"https://twitter.com/mathiolla/statuses/1469993605796274176","https://twitter.com/mathiolla/statuses/1469993605796274176","mathiolla","@KankanG_ omg ini parah bgt sii kan. kalau ada yg gini lagi sii mungkin bisa telfon call center grab/gojek dulu sebelum kamu yg bayar. setau aku mereka ada policy kalau fake order gt nanti mereka yg gantiin uang ke driver gt sii aku pernah baca","@KankanG_ omg ini parah bgt sii kan. kalau ada yg gini lagi sii mungkin bisa telfon call center grab/gojek dulu sebelum kamu yg bayar. setau aku mereka ada policy kalau fake order gt nanti mereka yg gantiin uang ke driver gt sii aku pernah baca","2021-12-12 06:32:41","Twitter for Android",97,1,"in","","reply","KankanG_",2325167378,1469985670655463425,"",0,0,230035069,"https://pbs.twimg.com/profile_images/1452550297679642625/KOpnqRW2_normal.jpg",47322,1067,1067,"2010-12-23 21:28:20","campur sari twt (genshin, tot, rl, kpop) | 20+                           pfp: peachow_crane","she / her","",
5,1469963058223017987,"https://twitter.com/Gojek_official/statuses/1469963058223017987","https://twitter.com/Gojek_official/statuses/1469963058223017987","Gojek_official","@jowoshitpost Ndul bantuin angkat beban keluarga ini ndul","@jowoshitpost Ndul bantuin angkat beban keluarga ini ndul","2021-12-12 04:31:18","Twitter Web App",18,4,"in","","reply","jowoshitpost",1311529701995765761,1469962712666951680,"",0,0,1249221310074388480,"https://pbs.twimg.com/profile_images/1469959440321318915/nNMLuVrv_normal.jpg",2765,38,14,"2020-04-12 02:23:21","InDriver : Transportasi Alternatif awokwowkwok","DegoRide","",
6,1469961836392947713,"https://twitter.com/asriainunsyrfh/statuses/1469961836392947713","https://twitter.com/asriainunsyrfh/statuses/1469961836392947713","asriainunsyrfh","Percakapan ama abang gojek jam 00.44  Abang Gojek : ""Ibu seriusan manusia kan?"" Aku : ""Iya a"" :(  sampe berhenti dan nanyain ini dua kali","Percakapan ama abang gojek jam 00.44  Abang Gojek : ""Ibu seriusan manusia kan?"" Aku : ""Iya a"" :(  sampe berhenti dan nanyain ini dua kali","2021-12-12 04:26:27","Twitter for Android",1,1,"in","","original","",0,0,"",0,0,432450037,"https://pbs.twimg.com/profile_images/1469962510593769472/ZCxaYj_T_normal.jpg",3246,121,164,"2011-12-09 07:09:04","SAZ300799","Bandung","",
7,1469952468976951297,"https://twitter.com/mamisalon_real/statuses/1469952468976951297","https://twitter.com/mamisalon_real/statuses/1469952468976951297","mamisalon_real","Gojek kontol udah tau jauh malah ga dikasih helm","Gojek kontol udah tau jauh malah ga dikasih helm","2021-12-12 03:49:13","Twitter for Android",15,3,"in","","original","",0,0,"",0,0,1097740460892647425,"https://pbs.twimg.com/profile_images/1467315080966537219/g52dbUUR_normal.jpg",5400,1,41722,"2019-02-19 01:11:35","SALON PRIA & WANITA MenerimağŸ‘‰ #smoothing #smoothingcolour #colouring #hairextensions #hairmask #hairlights #haircolour #haircutwomen #salon_waria #denpasar","Bali, Indonesia","",
8,1469930271168335875,"https://twitter.com/Taveeshaa1/statuses/1469930271168335875","https://twitter.com/Taveeshaa1/statuses/1469930271168335875","Taveeshaa1","""Kebodohan tak Berujung di Mahika Tour @seokjinjuseyyo""  Plan : 1 bulan, karena @lalyntia susah cuti dan cinta kerja syudududuudu Total : +/- 950K/org buat 3 hari 2 malem  Thx before buat gmaps, apk grab, apk gojek, bobobox, aragon, gopay, ovo, bca, @ptdforlive dan smua org baik","""Kebodohan tak Berujung di Mahika Tour @seokjinjuseyyo""  Plan : 1 bulan, karena @lalyntia susah cuti dan cinta kerja syudududuudu Total : +/- 950K/org buat 3 hari 2 malem  Thx before buat gmaps, apk grab, apk gojek, bobobox, aragon, gopay, ovo, bca, @ptdforlive dan smua org baik","2021-12-12 02:21:01","Twitter for Android",2,1,"in","","original","",0,0,"",0,0,1413800371483410432,"https://pbs.twimg.com/profile_images/1460216797047656451/SStbfWAi_normal.jpg",603,79,11,"2021-07-10 06:00:59","Gemini GirlğŸ‘¯â€â™€ BangtanğŸ’œ","","",
9,1469919722506690560,"https://twitter.com/kiaraless/statuses/1469919722506690560","https://twitter.com/kiaraless/statuses/1469919722506690560","kiaraless","Paansiiii gojek grab gaada yg mau ambil, apa tau kli ya demit yg mau naek","Paansiiii gojek grab gaada yg mau ambil, apa tau kli ya demit yg mau naek","2021-12-12 01:39:06","Twitter for iPhone",3,1,"in","","original","",0,0,"",0,0,1257287936791310336,"https://pbs.twimg.com/profile_images/1451451540238061575/iZq8FJEx_normal.jpg",28011,1151,23231,"2020-05-04 08:36:25","grow and glow in the darknessâœ¨ â€¢ @muffinandsex","jkt in the sky","",
10,1469904994367275009,"https://twitter.com/rant_joker/statuses/1469904994367275009","https://twitter.com/rant_joker/statuses/1469904994367275009","rant_joker","@muktiwbw_ @txtdarisinefil Meanwhile, you even bisa pesen tiket via gojek skrg.. Ini tuh emang pas bagi2 otak dia ngumpet apa ga kebagian sih? Wkwkwk","@muktiwbw_ @txtdarisinefil Meanwhile, you even bisa pesen tiket via gojek skrg.. Ini tuh emang pas bagi2 otak dia ngumpet apa ga kebagian sih? Wkwkwk","2021-12-12 00:40:34","Twitter for Android",28,1,"in","","reply","muktiwbw_",207421162,1469694742552219653,"",0,0,4448864292,"https://pbs.twimg.com/profile_images/1114217219041267712/iTXV6_Yk_normal.jpg",643,136,5,"2015-12-03 23:01:47","â¤ğŸ§¡ğŸ’™ I like you just the way you are... whether it\'s raw or fully cooked.. just kidding.. I just love your soul.. so don\'t stay alive..","","",
11,1469723457130696710,"https://twitter.com/oombayum/statuses/1469723457130696710","https://twitter.com/oombayum/statuses/1469723457130696710","oombayum","@hrdbacot Tidak semua startup seperti tokopedia, gojek, grab...bahkan belum tentu tahun depan perusahaannya masih ada ğŸ˜€","@hrdbacot Tidak semua startup seperti tokopedia, gojek, grab...bahkan belum tentu tahun depan perusahaannya masih ada ğŸ˜€","2021-12-11 12:39:12","Twitter for Android",428,52,"in","","reply","hrdbacot",501800437,1469722488233807874,"",0,0,121411446,"https://pbs.twimg.com/profile_images/1408669893902233605/sv4V-dcn_normal.jpg",9046,125,136,"2010-03-09 07:18:41","Cat and Italian Football Lover","","",
12,1469717976064532481,"https://twitter.com/austincouldkill/statuses/1469717976064532481","https://twitter.com/austincouldkill/statuses/1469717976064532481","austincouldkill","beli cutter sama beha di balikpapan ada bang gojek lagi anter kaca liat aja twtitter enha minggu depan bakal ada sungjake posting selca #bukanmaen ğŸ˜ğŸ‘ğŸ»","beli cutter sama beha di balikpapan ada bang gojek lagi anter kaca liat aja twtitter enha minggu depan bakal ada sungjake posting selca #bukanmaen ğŸ˜ğŸ‘ğŸ»","2021-12-11 12:17:26","Twitter for iPhone",24,1,"in","","original","",0,0,"",0,0,1414595358429044740,"https://pbs.twimg.com/profile_images/1463151574868504577/CpxHPf7o_normal.jpg",8864,78,2640,"2021-07-12 10:39:58","an amateur writerâ€” masih berproses. bxbâ€” sungjake; homophobes do not interact!","he/they i\'m not minor rps + writing account for #ì„±ì ´ ğŸ” my account my rules.","",
13,1469681593476587521,"https://twitter.com/barcelonabryan/statuses/1469681593476587521","https://twitter.com/barcelonabryan/statuses/1469681593476587521","barcelonabryan","Guys, kupi-kupian di Bogor yang enak di-order dari Gojek apa nichhhhh.","Guys, kupi-kupian di Bogor yang enak di-order dari Gojek apa nichhhhh.","2021-12-11 09:52:51","Twitter for iPhone",61,2,"in","","original","",0,0,"",0,0,29410995,"https://pbs.twimg.com/profile_images/1448668551741513738/mBfUjlli_normal.jpg",99399,892,22044,"2009-04-07 04:29:18","If you\'re not into Didi Kempot, you are not my friend.","Meet me in Montauk.",1,
14,1469660849203650560,"https://twitter.com/sbtsunsun/statuses/1469660849203650560","https://twitter.com/sbtsunsun/statuses/1469660849203650560","sbtsunsun","@maveriyk satu dua tiga, yang jatuh bayarin gojek","@maveriyk satu dua tiga, yang jatuh bayarin gojek","2021-12-11 08:30:26","Twitter for Android",1,1,"in","","reply","maveriyk",1224968461,1469660395170254849,"",0,0,1439483156717993994,"https://pbs.twimg.com/profile_images/1462555130742542337/9Ry20WbJ_normal.jpg",5373,555,509,"2021-09-19 02:55:17","non sbt acc dnf â˜… mostly sunghoon, sunoo, jay, eric, chaewon! ğŸ›’","anypro ã…¡ mt after dm ğŸ¤šğŸ»","",
15,1469529429634281473,"https://twitter.com/ppotieppotiegyu/statuses/1469529429634281473","https://twitter.com/ppotieppotiegyu/statuses/1469529429634281473","ppotieppotiegyu","@caratstalk Scoups in real life :   X : coups aku ngantor ya Coups : iya ati ati. Aku anterin ya X : ga usah aku dah pesen gojek. Ini mas nya udah otw kok Coups : kok kamu manggil driver gojeknya mas sihğŸ˜¡ dah lah, kamu pilih aku apa si driver gojek ituğŸ˜¡","@caratstalk Scoups in real life :   X : coups aku ngantor ya Coups : iya ati ati. Aku anterin ya X : ga usah aku dah pesen gojek. Ini mas nya udah otw kok Coups : kok kamu manggil driver gojeknya mas sihğŸ˜¡ dah lah, kamu pilih aku apa si driver gojek ituğŸ˜¡","2021-12-10 23:48:13","Twitter for Android",126,1,"in","","reply","caratstalk",988230993231269889,1469516389140426757,"",0,0,1193883574878924800,"https://pbs.twimg.com/profile_images/1443546670684262401/XYkqof8m_normal.jpg",2623,377,195,"2019-11-11 08:30:17","Halo kenalin aku marsin si Fangirl bermental yupi a.k.a mleyot sana sinià¼àº¶â€¿à¼àº¶ | Hobi ngebadut 24/7 ğŸ¤¡ | fans accnya @pledis_17 + akun sambatnya marsin âœ¨","","",
16,1469506020280270851,"https://twitter.com/maskiit/statuses/1469506020280270851","https://twitter.com/maskiit/statuses/1469506020280270851","maskiit","Ide fitur untuk Grab atau Gojek: Mass Broadcast.  Digunakan untuk mengirimkan pesan ke para driver yang berada dekat dari titik jemput tapi ogah ngambil.  â€œEh, bgst! Niat ngojol/naksol gak sih?!?â€","Ide fitur untuk Grab atau Gojek: Mass Broadcast.  Digunakan untuk mengirimkan pesan ke para driver yang berada dekat dari titik jemput tapi ogah ngambil.  â€œEh, bgst! Niat ngojol/naksol gak sih?!?â€","2021-12-10 22:15:11","Twitter for iPhone",1,1,"in","","original","",0,0,"",0,0,147151595,"https://pbs.twimg.com/profile_images/1361542228737355776/DQKfNING_normal.jpg",37881,266,1162,"2010-05-23 06:14:05","Proud @fiksimini-er. Copywriter. Tifosi @acffiorentina. Opinions/Tweets are my own.","Indonesia","",
17,1469505202571014147,"https://twitter.com/AkuntanMilenial/statuses/1469505202571014147","https://twitter.com/AkuntanMilenial/statuses/1469505202571014147","AkuntanMilenial","Apakah aplikasidi catat sebagai aset tidak berwujud kalo casenya di perusahaan gojek atau yang punya apps di hp?","Apakah aplikasidi catat sebagai aset tidak berwujud kalo casenya di perusahaan gojek atau yang punya apps di hp?","2021-12-10 22:11:57","Twitter for Android",1,2,"in","","original","",0,0,"",0,0,1252598011789627392,"https://pbs.twimg.com/profile_images/1253212539011260416/JPnaa1em_normal.jpg",1403,98,370,"2020-04-21 10:02:19","bukan anak STAN, bukan pula stafsus milenial","","",
18,1469456770732986370,"https://twitter.com/jsminflowe/statuses/1469456770732986370","https://twitter.com/jsminflowe/statuses/1469456770732986370","jsminflowe","@jenosroyals hai kinzee semangat ya, jujur aku juga pernah waktu itu naik gojek sama mama pas aku kls 7, posisinya aku kls segitu blm boleh naik gojek sendiri. berhubung badanku kecil jdi aku di taruh depan dan ya disitu lah di mulai lecehnya. aku sepanjang jalan deg degan","@jenosroyals hai kinzee semangat ya, jujur aku juga pernah waktu itu naik gojek sama mama pas aku kls 7, posisinya aku kls segitu blm boleh naik gojek sendiri. berhubung badanku kecil jdi aku di taruh depan dan ya disitu lah di mulai lecehnya. aku sepanjang jalan deg degan","2021-12-10 18:59:29","Twitter for Android",5,1,"in","","reply","jenosroyals",972123922060603392,1469332409216749569,"",0,0,1411869165816729603,"https://pbs.twimg.com/profile_images/1458595033414729728/LoCQjB3x_normal.jpg",454,93,30,"2021-07-04 22:07:04","","","",
19,1469453957407772675,"https://twitter.com/NovitaPuspita19/statuses/1469453957407772675","https://twitter.com/NovitaPuspita19/statuses/1469453957407772675","NovitaPuspita19","@gojekindonesia #UdahSaatnya ga cm wacana &amp; tulisan d buku diary ; mw jln2 k tmpt or kafe instagramable, hidden game, kuliner an, bli brg incaran d offline/online store. Gojek ibarat bestie tgl pilih aja mw pk layanan kesayangan yg mana ğŸ¥°âœ…ğŸ‘ @SiscaWiryawan @ephieyou_ii","@gojekindonesia #UdahSaatnya ga cm wacana &amp; tulisan d buku diary ; mw jln2 k tmpt or kafe instagramable, hidden game, kuliner an, bli brg incaran d offline/online store. Gojek ibarat bestie tgl pilih aja mw pk layanan kesayangan yg mana ğŸ¥°âœ…ğŸ‘ @SiscaWiryawan @ephieyou_ii","2021-12-10 18:48:19","Twitter for Android",1,1,"in","","reply","gojekindonesia",226481275,1468866011155808261,"",0,0,2536834262,"https://pbs.twimg.com/profile_images/1238007495706021889/W9OePn8M_normal.jpg",42410,871,280,"2014-05-31 03:25:28","be strongğŸ’ª","Jakarta - Indonesia","",
20,1469341689567272961,"https://twitter.com/howtodresvvell/statuses/1469341689567272961","https://twitter.com/howtodresvvell/statuses/1469341689567272961","howtodresvvell","rachel vennya: *turun naek gojek salim ke drivernya*  hakim: jangan penjarakan dia","rachel vennya: *turun naek gojek salim ke drivernya*  hakim: jangan penjarakan dia","2021-12-10 11:22:12","Twitter for Android",93,12,"in","","original","",0,0,"",0,0,1247811186957012992,"https://pbs.twimg.com/profile_images/1405160563072638978/j5QQXXn__normal.jpg",18377,61,24585,"2020-04-08 04:59:12","mempetisi langit kosong","howtodressvvell@gmail.com","",
21,1469324743186665472,"https://twitter.com/TAEGIIKU/statuses/1469324743186665472","https://twitter.com/TAEGIIKU/statuses/1469324743186665472","TAEGIIKU","buat yg mau dateng, mari sama-sama jaga prokes ya dan jangan lupa pakai masker ğŸ˜· bagi yang tidak bisa datang, kalian bisa order melalui grab/gojek dan akan tetep dapet cupsleeve dan freebies (kalau persediaan masih ada) ğŸ¥°","buat yg mau dateng, mari sama-sama jaga prokes ya dan jangan lupa pakai masker ğŸ˜· bagi yang tidak bisa datang, kalian bisa order melalui grab/gojek dan akan tetep dapet cupsleeve dan freebies (kalau persediaan masih ada) ğŸ¥°","2021-12-10 10:14:52","Twitter for Android",2,1,"in","","reply","TAEGIIKU",1150317384072192000,1469324544724766720,"",0,0,1150317384072192000,"https://pbs.twimg.com/profile_images/1442125611149840388/pj_1jFV6_normal.png",209183,4326,16792,"2019-07-14 04:13:31","ğŸ§¸ â€” Jika merasa hidupmu malang coba ke kaltim aja â€” @BTS_twt pcrqu | photocard fanmade by me : https://t.co/ms3tZzSHWy"," íƒœí˜•.ìœ¤ê¸°","",
22,1469316694996783105,"https://twitter.com/bram_me/statuses/1469316694996783105","https://twitter.com/bram_me/statuses/1469316694996783105","bram_me","Jadi tadi naik gojek mau balik kerumah Karena kebisaan pake bahasa jawa alus keorang tua jadi ya aku ngerasa biasa aja Terus bapaknya kaget sambil tanya ""mas mohon maaf generasi milenial seperti mas kok bisa bahasa jawa alus""","Jadi tadi naik gojek mau balik kerumah Karena kebisaan pake bahasa jawa alus keorang tua jadi ya aku ngerasa biasa aja Terus bapaknya kaget sambil tanya ""mas mohon maaf generasi milenial seperti mas kok bisa bahasa jawa alus""","2021-12-10 09:42:53","Twitter for iPhone",41,2,"in","","original","",0,0,"",0,0,1213184126267752448,"https://pbs.twimg.com/profile_images/1432560849713963012/OwH-4vy4_normal.jpg",27604,1565,12026,"2020-01-03 14:43:42","Typo mulu heran","kufukilen","",
23,1469294512853839873,"https://twitter.com/serojargv/statuses/1469294512853839873","https://twitter.com/serojargv/statuses/1469294512853839873","serojargv","@ttokimddx @tanyakanrl Alumni JIS ada beberapa yang jadi senator di US, menteri di Australia, ada Cinta Laura, Kevin Aluwi co-CEO Gojek, sama adeknya Obama.","@ttokimddx @tanyakanrl Alumni JIS ada beberapa yang jadi senator di US, menteri di Australia, ada Cinta Laura, Kevin Aluwi co-CEO Gojek, sama adeknya Obama.","2021-12-10 08:14:44","Twitter for Android",258,9,"in","","reply","ttokimddx",1400071947266912256,1469283173561339904,"",0,0,1315624098723110913,"https://pbs.twimg.com/profile_images/1315624683123793921/vze1yasp_normal.jpg",4400,690,79,"2020-10-12 08:03:41","â˜‰ â™‹ï¸ â˜¾ â™“ï¸ â‡§ â™ï¸","Jakarta Selatan, DKI Jakarta","",
24,1469166923707342848,"https://twitter.com/inisarach_/statuses/1469166923707342848","https://twitter.com/inisarach_/statuses/1469166923707342848","inisarach_","Jujur aja, tmpt gue pesen makan atau nyari driver buat jalan itu bkn tmpt sepi. Ini daerah perkantoran dan byk bgt restoran partner mereka. Bahkan sblm kaya gini #susahcaridriver ni daerah banjir gojek/grab/shopeefood driver yg mangkal krn rame bgt orderan skitar sini","Jujur aja, tmpt gue pesen makan atau nyari driver buat jalan itu bkn tmpt sepi. Ini daerah perkantoran dan byk bgt restoran partner mereka. Bahkan sblm kaya gini #susahcaridriver ni daerah banjir gojek/grab/shopeefood driver yg mangkal krn rame bgt orderan skitar sini","2021-12-09 23:47:45","Twitter for iPhone",1,1,"in","","reply","inisarach_",251533119,1469165928851988481,"",0,0,251533119,"https://pbs.twimg.com/profile_images/1443650858994962457/SbkqUNty_normal.jpg",6850,153,349,"2011-02-13 04:59:12","Hanya anak kesayangan mama disurga","Indonesia","",
25,1469111820644335616,"https://twitter.com/kitblackit/statuses/1469111820644335616","https://twitter.com/kitblackit/statuses/1469111820644335616","kitblackit","Promo tokped  Topup gopay free admin Gopay/later kesbek : - 90% maks 30rb belanja 10rb - gratong instant delivery by gojek up to 35rb belanja 15rb","Promo tokped  Topup gopay free admin Gopay/later kesbek : - 90% maks 30rb belanja 10rb - gratong instant delivery by gojek up to 35rb belanja 15rb","2021-12-09 20:08:47","Twitter for Android",1,1,"in","","original","",0,0,"",0,0,1208696220887089152,"https://pbs.twimg.com/profile_images/1426920191011606532/Lrc-PvOH_normal.jpg",18624,238,592,"2019-12-22 05:30:24","Blacky-Kitty | Gen1 Bulu Bolo â™‚ï¸ | Gen2 Baba Bibi â™€ï¸| Gen2.1 BumBemBom","Jakarta Capital Region","",
26,1468969246940041234,"https://twitter.com/ToniTonies/statuses/1468969246940041234","https://twitter.com/ToniTonies/statuses/1468969246940041234","ToniTonies","@DenCybr Shopeefod lebih mahal kang.. Contoh weh gacoan di shoopefood 14rb di gojek 11rb","@DenCybr Shopeefod lebih mahal kang.. Contoh weh gacoan di shoopefood 14rb di gojek 11rb","2021-12-09 10:42:15","Twitter for Android",0,1,"in","","reply","DenCybr",159088319,1468957931970326534,"",0,0,764351616,"https://pbs.twimg.com/profile_images/1296245794064850944/vuehaJF5_normal.jpg",14538,464,140,"2012-08-17 16:03:47","baheula mah cita cita jadi kiper persib ngan gagal! ayeunamah kuli aduk jeung macul","sadang serang","",
27,1468964332574687244,"https://twitter.com/bibbwu/statuses/1468964332574687244","https://twitter.com/bibbwu/statuses/1468964332574687244","bibbwu","@chitaglorya__ kalau aku dapet $50 hari ini buaaat transportasi kerja kkak chit, sehari aku abiss 30.000 buat gojek aja.   terus dikali sebulan udhh hampir 800.000 tapi gajiku cuman 1 juta, klo mau jajan nunggu big win dulu wkwk","@chitaglorya__ kalau aku dapet $50 hari ini buaaat transportasi kerja kkak chit, sehari aku abiss 30.000 buat gojek aja.   terus dikali sebulan udhh hampir 800.000 tapi gajiku cuman 1 juta, klo mau jajan nunggu big win dulu wkwk","2021-12-09 10:22:43","Twitter for Android",23,1,"in","","reply","chitaglorya__",1449414811436023812,1468963808458641415,"",0,0,1459743507279597570,"https://pbs.twimg.com/profile_images/1469147693750489089/nVaH0ekX_normal.jpg",2741,842,458,"2021-11-13 23:42:41","TBL TBL TBL","","",
28,1468951900468899840,"https://twitter.com/acilophile/statuses/1468951900468899840","https://twitter.com/acilophile/statuses/1468951900468899840","acilophile","ketika u dapet abang gojek yang pas berangkat &amp; pulang kerjanya sama tuh berasa kek abis berjuang nyari cuan bersama ye wkwkwk","ketika u dapet abang gojek yang pas berangkat &amp; pulang kerjanya sama tuh berasa kek abis berjuang nyari cuan bersama ye wkwkwk","2021-12-09 09:33:19","Twitter for Android",1,1,"in","","original","",0,0,"",0,0,1110970224818294784,"https://pbs.twimg.com/profile_images/1456994586367201282/M_jxE32E_normal.jpg",29002,5934,6577,"2019-03-27 14:21:57","complicated.","planet B","",
29,1468951246048354306,"https://twitter.com/TokopediaCare/statuses/1468951246048354306","https://twitter.com/TokopediaCare/statuses/1468951246048354306","TokopediaCare","Eits, ada info tambahan nih  ğŸŸ¢ Jika mengubah nomor HP di Tokopedia, maka saldo OVO akan terhubung dengan nomor yang baru.  ğŸŸ¢ Jika mengubah nomor HP di Gojek, maka saldo GoPay akan terhubung dengan nomor yang baru.  ğŸŸ¢ 1 akun Gojek hanya bisa tersambung untuk 1 akun Tokopedia.","Eits, ada info tambahan nih  ğŸŸ¢ Jika mengubah nomor HP di Tokopedia, maka saldo OVO akan terhubung dengan nomor yang baru.  ğŸŸ¢ Jika mengubah nomor HP di Gojek, maka saldo GoPay akan terhubung dengan nomor yang baru.  ğŸŸ¢ 1 akun Gojek hanya bisa tersambung untuk 1 akun Tokopedia.","2021-12-09 09:30:43","Twitter Web App",18,1,"in","","reply","TokopediaCare",2431564153,1468951107766349825,"",0,0,2431564153,"https://pbs.twimg.com/profile_images/1340986745429479425/CA0JhIXk_normal.jpg",964799,5,272149,"2014-04-07 02:01:16","Bestie yang #SelaluAdaSolusi untukmu pagi, siang, malam, hujan, terik, langsung aja Tweet atau DM Mimin!  Contact Us : https://t.co/em00dcOVxT #TokopediaSaja","Indonesia",1,
30,1468927433470398467,"https://twitter.com/tasyanabilahp/statuses/1468927433470398467","https://twitter.com/tasyanabilahp/statuses/1468927433470398467","tasyanabilahp","Naik gojek ditawarin rambutan sama abangnya. Bikin aku terharu semudah ditawarin rambutan. Sehat selalu orang baik","Naik gojek ditawarin rambutan sama abangnya. Bikin aku terharu semudah ditawarin rambutan. Sehat selalu orang baik","2021-12-09 07:56:06","Twitter for iPhone",49,5,"in","","original","",0,0,"",0,0,96726509,"https://pbs.twimg.com/profile_images/1468762153469366272/AV8qxdki_normal.jpg",31016,315,540,"2009-12-14 04:00:25","","","",
31,1468907170506764292,"https://twitter.com/mentaI_chaos/statuses/1468907170506764292","https://twitter.com/mentaI_chaos/statuses/1468907170506764292","mentaI_chaos","Aku: A, yg ke pasteur ya? Aa Gojek: Yang atas nama Disney?","Aku: A, yg ke pasteur ya? Aa Gojek: Yang atas nama Disney?","2021-12-09 06:35:35","Twitter for iPhone",45,1,"in","","original","",0,0,"",0,0,2322211560,"https://pbs.twimg.com/profile_images/1447221436611850240/nmtSdBQU_normal.jpg",435,107,80,"2014-02-01 06:53:23","keseharian","Bandung, Indonesia","",
32,1468897199496916996,"https://twitter.com/strike_bravo_b/statuses/1468897199496916996","https://twitter.com/strike_bravo_b/statuses/1468897199496916996","strike_bravo_b","@Sis4SafeSpace @yadhiyadhiyadhi Gw bilang gojek eksploitatif digruduk setemlen raya","@Sis4SafeSpace @yadhiyadhiyadhi Gw bilang gojek eksploitatif digruduk setemlen raya","2021-12-09 05:55:57","Twitter for Android",1,2,"in","","reply","Sis4SafeSpace",725349607807455232,1468871156065177602,"",0,0,1448080308,"https://pbs.twimg.com/profile_images/773489942303420416/ZrLodWuA_normal.jpg",57309,1491,718,"2013-05-22 02:12:34","Taiwan better than West Taiwan |  Logistics Defence History Art - ad astra aspera domina |  Porn, Democracy, Liberalism and Egalitarian Enthusiast","Indonesia ","",
33,1468889145598615555,"https://twitter.com/BuayaUbanan/statuses/1468889145598615555","https://twitter.com/BuayaUbanan/statuses/1468889145598615555","BuayaUbanan","Terutama driver2 baru.tolong dipahami bahwa dari pihak Gojek sudah diinfokan berulang kali klo kena order fiktif berupa bentuk barang ada fisiknya akan ditefund sama pihak gojek.klo pulsa,pembayaran ecommerce sejenis itu tidak ada refund. buat dulur2 Gojek hati2.@gojekindonesia2","Terutama driver2 baru.tolong dipahami bahwa dari pihak Gojek sudah diinfokan berulang kali klo kena order fiktif berupa bentuk barang ada fisiknya akan ditefund sama pihak gojek.klo pulsa,pembayaran ecommerce sejenis itu tidak ada refund. buat dulur2 Gojek hati2.@gojekindonesia2","2021-12-09 05:23:57","Twitter for Android",7,2,"in","","reply","BuayaUbanan",1746494863,1468887778976878594,"",0,0,1746494863,"https://pbs.twimg.com/profile_images/1460970920265195524/9uTPkuk4_normal.jpg",125480,7681,8807,"2013-09-07 08:19:16","Disini Tempat Lahir Beta ğŸ‡²ğŸ‡¨  ğŸ‘‰https://t.co/UzMakFvGa8","Kota Pahlawan SuroboyoğŸ‡²ğŸ‡¨","",
34,1468888151208779779,"https://twitter.com/ngalamfess/statuses/1468888151208779779","https://twitter.com/ngalamfess/statuses/1468888151208779779","ngalamfess","Oyi njaluk pendapat rek, emang kenopo seh lek aku seneng nggolek promoan gae pesen maem, mbandingno harga sek gojek, grab, shopee food, traveloka eats, salah a yoh? Njaluk pendapat rek.","Oyi njaluk pendapat rek, emang kenopo seh lek aku seneng nggolek promoan gae pesen maem, mbandingno harga sek gojek, grab, shopee food, traveloka eats, salah a yoh? Njaluk pendapat rek.","2021-12-09 05:20:00","Sender Ngalamfess",3,1,"in","","original","",0,0,"",0,0,1159400358482833408,"https://pbs.twimg.com/profile_images/1252937701671620608/FyULSMou_normal.jpg",136410,3217,71620,"2019-08-08 05:46:00","Cara batal mf ketik /unsend || Pengaduan & Paid Promote Contact: @SNgalamfess ğŸ“© ngalammenfess@gmail.com","","",
35,1468874078115098626,"https://twitter.com/auqiela/statuses/1468874078115098626","https://twitter.com/auqiela/statuses/1468874078115098626","auqiela","Fitur yang pertama ada âœ¨share tripâœ¨dari Gojek. Kalian bisa mengirimkan link ke teman atau keluarga kalian untuk memantau perjalanan kalian, jadi kalian bisa lebih merasa #AmanBersamaGojek","Fitur yang pertama ada âœ¨share tripâœ¨dari Gojek. Kalian bisa mengirimkan link ke teman atau keluarga kalian untuk memantau perjalanan kalian, jadi kalian bisa lebih merasa #AmanBersamaGojek","2021-12-09 04:24:05","Twitter for Android",5,1,"in","","reply","auqiela",1169448644572897282,1468870529507491840,"",0,0,1169448644572897282,"https://pbs.twimg.com/profile_images/1445335732063662091/JVVvkglq_normal.jpg",69569,2253,29364,"2019-09-04 23:14:28","is persona.","","",
36,1468866014716645377,"https://twitter.com/gojekindonesia/statuses/1468866014716645377","https://twitter.com/gojekindonesia/statuses/1468866014716645377","gojekindonesia","Contoh reply-nya gini: ""#UdahSaatnya cuci sepatu andelangue buat ke kampus sekaligus nyamperin gebetan. Gojek siap antar""  Aku tunggu sampe tanggal 17 Dec 2021 &amp; bakal aku umumin tanggal 5 Jan 2022 di thread ini!","Contoh reply-nya gini: ""#UdahSaatnya cuci sepatu andelangue buat ke kampus sekaligus nyamperin gebetan. Gojek siap antar""  Aku tunggu sampe tanggal 17 Dec 2021 &amp; bakal aku umumin tanggal 5 Jan 2022 di thread ini!","2021-12-09 03:52:02","Twitter Web App",22,9,"in","","reply","gojekindonesia",226481275,1468866011155808261,"",0,0,226481275,"https://pbs.twimg.com/profile_images/1335106114610839552/sF4s4MMz_normal.jpg",505653,68198,1011802,"2010-12-14 02:44:50","Hai Cerdikiawan. Ini lho udah aku siapin konten2 supaya kamu bisa jalanin hari-hari tanpa repot, karena pake Gojek #PastiAdaJalan. Moga menginspirasi. ğŸ˜˜","Jakarta, Indonesia",1,
37,1468864202643107840,"https://twitter.com/giftsswing/statuses/1468864202643107840","https://twitter.com/giftsswing/statuses/1468864202643107840","giftsswing","@schfess orang, kayak di pertanyakan gitu, eh dia kok jalan rumahnya kan jauh bla bla bla, biasanya ada aja yang nanya "" kok nga ngojek aja?"" gue jawab "" gojek mahal si ketempat ku"" mereka kaget WKWKWK. kelihatan kan kesenjangan sosial itu beda BANGET","@schfess orang, kayak di pertanyakan gitu, eh dia kok jalan rumahnya kan jauh bla bla bla, biasanya ada aja yang nanya "" kok nga ngojek aja?"" gue jawab "" gojek mahal si ketempat ku"" mereka kaget WKWKWK. kelihatan kan kesenjangan sosial itu beda BANGET","2021-12-09 03:44:50","Twitter for Android",27,1,"in","","reply","giftsswing",1307914627049598976,1468863713809559553,"",0,0,1307914627049598976,"https://pbs.twimg.com/profile_images/1385617468442378247/oDfxahwD_normal.jpg",10065,1149,399,"2020-09-21 01:29:40","mixed together","not rp account","",
38,1468863713809559553,"https://twitter.com/giftsswing/statuses/1468863713809559553","https://twitter.com/giftsswing/statuses/1468863713809559553","giftsswing","@schfess eh sama nder wkwkwk temen temen gue kalo sekolah juga pada dijemput naik mobil, motor, tapi kebanyakan naik gojek, karna menurut gue gojek mayan mahal buat gue yang dari keluarga b aja, jadinya kalo pulang ngangkot, pas jalan ke jalan raya itu jauh nder pasti di liatin banyak-","@schfess eh sama nder wkwkwk temen temen gue kalo sekolah juga pada dijemput naik mobil, motor, tapi kebanyakan naik gojek, karna menurut gue gojek mayan mahal buat gue yang dari keluarga b aja, jadinya kalo pulang ngangkot, pas jalan ke jalan raya itu jauh nder pasti di liatin banyak-","2021-12-09 03:42:54","Twitter for Android",41,1,"in","","reply","schfess",1201673806156161025,1468830046068506634,"",0,0,1307914627049598976,"https://pbs.twimg.com/profile_images/1385617468442378247/oDfxahwD_normal.jpg",10065,1149,399,"2020-09-21 01:29:40","mixed together","not rp account","",
39,1468766434532593665,"https://twitter.com/brightedwined/statuses/1468766434532593665","https://twitter.com/brightedwined/statuses/1468766434532593665","brightedwined","@ekplisit Waktu itu temen pernah nanya  ""Kak, dom mana?"" ""Pontianak, Kalbar. Tau ga?"" ""Oh tau, kak. Pernah denger."" ""Bagus deh hehe."" ""Btw, disana ada gojek ga Kak? Katanya makanan mahal semua ya?"" ""Ga ada gojek, pake babi hutan sama puake. Iya, mahal juga, soalnya orang kita kaya semua.""","@ekplisit Waktu itu temen pernah nanya  ""Kak, dom mana?"" ""Pontianak, Kalbar. Tau ga?"" ""Oh tau, kak. Pernah denger."" ""Bagus deh hehe."" ""Btw, disana ada gojek ga Kak? Katanya makanan mahal semua ya?"" ""Ga ada gojek, pake babi hutan sama puake. Iya, mahal juga, soalnya orang kita kaya semua.""","2021-12-08 21:16:21","Twitter for Android",68,14,"in","","reply","ekplisit",1286312498870681600,1468547370254143492,"",0,0,1218366979297271808,"https://pbs.twimg.com/profile_images/1394808956451659781/8zFhcLxD_normal.jpg",27820,675,2848,"2020-01-17 21:58:27","My life is a joke.  mine too : @enzieklopedia @enzieklopedi","","",
40,1468758431678877698,"https://twitter.com/FishcityxWin/statuses/1468758431678877698","https://twitter.com/FishcityxWin/statuses/1468758431678877698","FishcityxWin","Gopay ada juga gak?  Kalau ada, Indah instal gojek. Aslinya Indah udah punya akun gopay, cuma kemaren di hp lama. Ini belum download lagi.ğŸ¥°","Gopay ada juga gak?  Kalau ada, Indah instal gojek. Aslinya Indah udah punya akun gopay, cuma kemaren di hp lama. Ini belum download lagi.ğŸ¥°","2021-12-08 20:44:32","Twitter for Android",8,1,"in","","original","",0,0,"",0,0,1330110196086157314,"https://pbs.twimg.com/profile_images/1455458771287691270/76vijZwH_normal.jpg",19999,3049,15824,"2020-11-21 06:26:13","Indah pada waktunya...ğŸŒˆ || Bismillah... #indahberkah ğŸ¤—ğŸ™  #cutetesty â¤ğŸ’ #unclebongtesti ğŸš€ğŸ”¥  #kimloversğŸ‘§ #jihantesti ğŸğŸ¯","Kota Madiun, Jawa Timur","",
41,1468590507978674179,"https://twitter.com/ChandraSapoetRa/statuses/1468590507978674179","https://twitter.com/ChandraSapoetRa/statuses/1468590507978674179","ChandraSapoetRa","Faso IN, Ady ketengah jadi double pivot bareng Hidayat.  Hambali kongkon langsung balik hotel ae ben diorderno gojek karo Rio opo Danang ğŸ˜…","Faso IN, Ady ketengah jadi double pivot bareng Hidayat.  Hambali kongkon langsung balik hotel ae ben diorderno gojek karo Rio opo Danang ğŸ˜…","2021-12-08 09:37:16","Twitter for Android",6,3,"in","","original","",0,0,"",0,0,76281055,"https://pbs.twimg.com/profile_images/1411157562611798023/1_6vaaJf_normal.jpg",211352,842,3990,"2009-09-22 04:06:35","Life\'s Not Fair, Get Used to It.","ê¦¯ê¦¸ê¦«ê¦§ê¦ª","",
42,1468562499561611267,"https://twitter.com/adagio6am/statuses/1468562499561611267","https://twitter.com/adagio6am/statuses/1468562499561611267","adagio6am","mas gojek, sampean iki punya masalah opo to? yo kalo ada gujlegan yo di rem to mas jangan ditrobos saja. takut-takut saya koprol kebelakang sambil teriak asu gitu loh masâ˜ºï¸ğŸ™","mas gojek, sampean iki punya masalah opo to? yo kalo ada gujlegan yo di rem to mas jangan ditrobos saja. takut-takut saya koprol kebelakang sambil teriak asu gitu loh masâ˜ºï¸ğŸ™","2021-12-08 07:45:59","Twitter Web App",2,1,"in","","original","",0,0,"",0,0,1156695638,"https://pbs.twimg.com/profile_images/1469651886441582592/_jKEhYi-_normal.jpg",14604,875,1083,"2013-02-07 05:11:01","nothing much here","","",
43,1468553419702956032,"https://twitter.com/RefkyRR/statuses/1468553419702956032","https://twitter.com/RefkyRR/statuses/1468553419702956032","RefkyRR","Kenapa si kebanyakan orang di indonesia menganggap keren sesuatu yg di pasang tidak pada tempatnya, misal ""velk 17 di pasang di motor matic"" ""Yang punya gojek jd menteri pendidikan"" Misal inimah","Kenapa si kebanyakan orang di indonesia menganggap keren sesuatu yg di pasang tidak pada tempatnya, misal ""velk 17 di pasang di motor matic"" ""Yang punya gojek jd menteri pendidikan"" Misal inimah","2021-12-08 07:09:54","Twitter for Android",3,1,"in","","original","",0,0,"",0,0,1356855380,"https://pbs.twimg.com/profile_images/1443939354754236418/kRqm3jz9_normal.jpg",19138,328,389,"2013-04-16 09:15:01","Gapernah menang giveaway seumur hidup","","",
44,1468534808582049792,"https://twitter.com/herysudiantoro/statuses/1468534808582049792","https://twitter.com/herysudiantoro/statuses/1468534808582049792","herysudiantoro","@jokowi Kalau mau jadi penjajah jangan rakyat sendiri yg di jajah (sistem gojek)","@jokowi Kalau mau jadi penjajah jangan rakyat sendiri yg di jajah (sistem gojek)","2021-12-08 05:55:57","Twitter for Android",3,2,"in","","reply","jokowi",366987179,1468534469996937217,"",0,0,1169590678835171328,"https://pbs.twimg.com/profile_images/1169590937707634688/QE7gJd69_normal.jpg",99,542,5,"2019-09-05 08:38:56","TIADA PAHLAWAN TANPA LUKA","DKI Jakarta, Indonesia","",
45,1468462835202093056,"https://twitter.com/husssenabdi/statuses/1468462835202093056","https://twitter.com/husssenabdi/statuses/1468462835202093056","husssenabdi","@txtfrombrand Ini mah bukan gojek, tapi go fakk yourself","@txtfrombrand Ini mah bukan gojek, tapi go fakk yourself","2021-12-08 01:09:57","Twitter for iPhone",280,45,"in","","reply","txtfrombrand",2947519148,1468462077282947072,"",0,0,344670974,"https://pbs.twimg.com/profile_images/1429831946004176901/PZV_JM-B_normal.jpg",4484,339,198,"2011-07-29 08:09:54","if i was you i\'d wanna be me too","","",
46,1468424147243966467,"https://twitter.com/convomfs/statuses/1468424147243966467","https://twitter.com/convomfs/statuses/1468424147243966467","convomfs","ğŸ’­ kapan ya aku bisa dimanja kaya kakakku yang udah punya sepeda motor sendiri tapi kalo les tetep dianterin, tp kalo aku mau pergi disuruh gojek saja ğŸ˜²","ğŸ’­ kapan ya aku bisa dimanja kaya kakakku yang udah punya sepeda motor sendiri tapi kalo les tetep dianterin, tp kalo aku mau pergi disuruh gojek saja ğŸ˜²","2021-12-07 22:36:13","Hey, jangan telat mam yağŸ½ğŸ˜ ",1,1,"in","","original","",0,0,"",0,0,1284061445148209154,"https://pbs.twimg.com/profile_images/1427837302592589831/ITLb9_rn_normal.png",359520,7751,219513,"2020-07-17 05:45:34","Base automenfess about anything â€¢ use trigger â€œ ğŸ¤ / ğŸ’­ / ğŸ—¯ï¸ / ğŸ’¬â€ â€¢  Main base : @convomf â€¢ report @convolisiğŸ‘®ğŸ»â€â™‚ï¸ â€¢ @convobusinessğŸ¤","","",
47,1468261608514199554,"https://twitter.com/barbieproletar/statuses/1468261608514199554","https://twitter.com/barbieproletar/statuses/1468261608514199554","barbieproletar","Orang Jakarta enak ya bisa keluar nonton film festival yang bagus-bagus.  Orang Malang pagi mau keluar, kok dingin ya.. males mandi agak siangan lah.  Eh siangnya hujan. Angkot gak lewat apalagi bis, gojek gak nyaut kalau hujan. Yaudalah. Ada yang jual netflix?","Orang Jakarta enak ya bisa keluar nonton film festival yang bagus-bagus.  Orang Malang pagi mau keluar, kok dingin ya.. males mandi agak siangan lah.  Eh siangnya hujan. Angkot gak lewat apalagi bis, gojek gak nyaut kalau hujan. Yaudalah. Ada yang jual netflix?","2021-12-07 11:50:21","Twitter for Android",12,1,"in","","original","",0,0,"",0,0,68131264,"https://pbs.twimg.com/profile_images/1453160808242835463/fFHlQjIZ_normal.jpg",7863,903,6613,"2009-08-23 08:05:57","Psycho-Social and Development Studies Enthusiast | bad opinion is Mine.","The Hague, The Netherlands","",
48,1468246279335690264,"https://twitter.com/mimattack/statuses/1468246279335690264","https://twitter.com/mimattack/statuses/1468246279335690264","mimattack","Dapet driver gojek tunarungu gue excited ğŸ˜‚ terus gue belajar \'alhamdulillah, makasih, ya. Hati2\' dlm waktu 30menitan ğŸ˜‚ğŸ˜‚ pas ngomong deg2an bgt, Alhamdulillah abangnya baik bgt dia ketawa terus ğŸ˜‚ğŸ˜‚ğŸ˜‚  Mood baik langsung naik seketika.","Dapet driver gojek tunarungu gue excited ğŸ˜‚ terus gue belajar \'alhamdulillah, makasih, ya. Hati2\' dlm waktu 30menitan ğŸ˜‚ğŸ˜‚ pas ngomong deg2an bgt, Alhamdulillah abangnya baik bgt dia ketawa terus ğŸ˜‚ğŸ˜‚ğŸ˜‚  Mood baik langsung naik seketika.","2021-12-07 10:49:26","Twitter for Android",9,1,"in","","original","",0,0,"",0,0,130153085,"https://pbs.twimg.com/profile_images/1450072784990715909/-YpGZD0-_normal.jpg",87337,607,471,"2010-04-06 09:32:50","ibu-ibu tapi masih enak | budak bako","Cayman Islands","",
49,1468165342090334209,"https://twitter.com/collegemenfess/statuses/1468165342090334209","https://twitter.com/collegemenfess/statuses/1468165342090334209","collegemenfess","magang/kerja, kalian boleh bgt ikut webinar Build Your CV From Scratch dan pembicaranya dari Gojek lohğŸ˜! Dengan harga tiket 10K aja pake referral code : HELEN60 kalian bisa dapetin banyak insight baru + e-certificate!! So, tunggu apalagi! Yuk daftarğŸ¥³ğŸ¥³ğŸ¥³ [cm]","magang/kerja, kalian boleh bgt ikut webinar Build Your CV From Scratch dan pembicaranya dari Gojek lohğŸ˜! Dengan harga tiket 10K aja pake referral code : HELEN60 kalian bisa dapetin banyak insight baru + e-certificate!! So, tunggu apalagi! Yuk daftarğŸ¥³ğŸ¥³ğŸ¥³ [cm]","2021-12-07 05:27:49","Pakai masker! Stay safe! -Bot-",2,1,"in","","reply","collegemenfess",1046084008742801408,1468165340467138563,"",0,0,1046084008742801408,"https://pbs.twimg.com/profile_images/1452991640793239565/-zFo_lD9_normal.jpg",1256573,48820,807945,"2018-09-29 13:07:17","Tempat nongkrong & diskusi Mahasiswa |Menfess BOT for college students| @CollesCorner @collegemfs |Managed by @RektorColle| Business: mahasiswa.base@gmail.com","Indonesia","",
50,1468157955396673537,"https://twitter.com/aulnrf/statuses/1468157955396673537","https://twitter.com/aulnrf/statuses/1468157955396673537","aulnrf","@karawangfess Jir gopaynya ada 16k terus ada cash 20k = 36k bisa bayar pake mixed method kan kalo gojek, harusnya si dia bisa beli sendiri tanpa harus lo kirimin + dia kek ogah2an gitu deh, pertimbangin to end up your relationship nder munpung baru bentar","@karawangfess Jir gopaynya ada 16k terus ada cash 20k = 36k bisa bayar pake mixed method kan kalo gojek, harusnya si dia bisa beli sendiri tanpa harus lo kirimin + dia kek ogah2an gitu deh, pertimbangin to end up your relationship nder munpung baru bentar","2021-12-07 04:58:28","Twitter for iPhone",7,1,"in","","reply","karawangfess",1184031349100777475,1468128363898306564,"",0,0,362358999,"https://pbs.twimg.com/profile_images/1364543576286240769/kuVCPzUL_normal.jpg",43836,485,772,"2011-08-26 04:09:30","if you need perfect, iâ€™m not built for you sorry","DKI Jakarta, Indonesia","",
51,1468132466766475265,"https://twitter.com/caIIistal/statuses/1468132466766475265","https://twitter.com/caIIistal/statuses/1468132466766475265","caIIistal","Eh sis katanya Clairette anak pak lurah itu, tunangannya supir gojek loh.. mana motornya motor bebek, pas di nyalain bunyi motornya ""wekwekwek"" gitu @matthewkwks","Eh sis katanya Clairette anak pak lurah itu, tunangannya supir gojek loh.. mana motornya motor bebek, pas di nyalain bunyi motornya ""wekwekwek"" gitu @matthewkwks","2021-12-07 03:17:11","Twitter for Android",0,4,"in","","original","",0,0,"",0,0,2484897276,"https://pbs.twimg.com/profile_images/1470054998943825921/SI3-mFOm_normal.jpg",15772,74,82,"2014-05-09 01:48:58","Endearingly alluring like a lily that flourishes delicately in spring with a dazzling rainfall that pours onto me, in which Jiangyiâ€™s sweet spell absorbing.","ğŸ”¥ğŸ² - 2204","",
52,1468128348979097605,"https://twitter.com/terravcr/statuses/1468128348979097605","https://twitter.com/terravcr/statuses/1468128348979097605","terravcr","âš ï¸ HELP RT PLEASE âš ï¸  - KEBOHONGAN YANG DILAKUKAN PIHAK GOJEK TERHADAP CUSTOMER YANG GOPAYNYA DIBLOKIR SECARA SEPIHAK -  #zonauang #zonaba","âš ï¸ HELP RT PLEASE âš ï¸  - KEBOHONGAN YANG DILAKUKAN PIHAK GOJEK TERHADAP CUSTOMER YANG GOPAYNYA DIBLOKIR SECARA SEPIHAK -  #zonauang #zonaba","2021-12-07 03:00:49","Twitter for Android",5,12,"in","","original","",0,0,"",0,0,818927363886968832,"https://pbs.twimg.com/profile_images/1461573627908800518/d06SzLMI_normal.jpg",1747,320,382,"2017-01-10 16:07:53","ğŸ¦‹ BA trusted since june 2021 with 1400+ proofs | anything you need | testimoniâ†’https://t.co/ou6XNZlLs4 ğŸ¦‹","OPEN 07.00-21.00","",
53,1468041538206720000,"https://twitter.com/renggapkrisna/statuses/1468041538206720000","https://twitter.com/renggapkrisna/statuses/1468041538206720000","renggapkrisna","Kode promo Gojek hari ini: GOJEKINAJA (bisa dipake lagi gaes!)","Kode promo Gojek hari ini: GOJEKINAJA (bisa dipake lagi gaes!)","2021-12-06 21:15:52","Twitter for iPhone",4,1,"in","","reply","renggapkrisna",28842430,1454987005792641030,"",0,0,28842430,"https://pbs.twimg.com/profile_images/1435187375726944256/PABCmEnf_normal.jpg",103130,676,2042,"2009-04-04 14:23:42","Professional Audio System Provider | Pekerja musik belakang panggung | BLM: #BekasiLivesMatter","Bekasi, Jawa Barat","",
54,1467976206901415941,"https://twitter.com/passutribaru88/statuses/1467976206901415941","https://twitter.com/passutribaru88/statuses/1467976206901415941","passutribaru88","Pengen cobain ajak abang gojek seru kali yah","Pengen cobain ajak abang gojek seru kali yah","2021-12-06 16:56:16","Twitter for Android",26,1,"in","","original","",0,0,"",0,0,1421483632372293636,"https://pbs.twimg.com/profile_images/1445392913295413257/1PHnWn7B_normal.jpg",127,141,7907,"2021-07-31 10:51:58","Don\'t Forget To Love Yourself","","",
55,1467923393810886657,"https://twitter.com/ayamgefreak/statuses/1467923393810886657","https://twitter.com/ayamgefreak/statuses/1467923393810886657","ayamgefreak","Menurut gue, kalo pihak Gojek mau alur orderan baik-baik aje, tolong keluarin bonus (bukan jaminan pendapatan) atau tiadakan performa selama musim hujan.","Menurut gue, kalo pihak Gojek mau alur orderan baik-baik aje, tolong keluarin bonus (bukan jaminan pendapatan) atau tiadakan performa selama musim hujan.","2021-12-06 13:26:24","Twitter for Android",6,1,"in","","reply","ayamgefreak",1458854532641804292,1467923278287159297,"",0,0,1458854532641804292,"https://pbs.twimg.com/profile_images/1458856660995248132/BuQc6dty_normal.jpg",56,4,4,"2021-11-11 12:51:13","","","",
56,1467923170648682497,"https://twitter.com/ayamgefreak/statuses/1467923170648682497","https://twitter.com/ayamgefreak/statuses/1467923170648682497","ayamgefreak","Pengen curhat perihal alur orderan Gojek ketika sedang hujan atau pascahujan kenapa susah banget dapet pengemudi dari sisi mitranya.","Pengen curhat perihal alur orderan Gojek ketika sedang hujan atau pascahujan kenapa susah banget dapet pengemudi dari sisi mitranya.","2021-12-06 13:25:31","Twitter for Android",45,33,"in","","original","",0,0,"",0,0,1458854532641804292,"https://pbs.twimg.com/profile_images/1458856660995248132/BuQc6dty_normal.jpg",56,4,4,"2021-11-11 12:51:13","","","",
57,1467865188590309377,"https://twitter.com/mynameisedo/statuses/1467865188590309377","https://twitter.com/mynameisedo/statuses/1467865188590309377","mynameisedo","URGENT! Butuh bantuan driver gojek / grab ato siapapun yang domisilinya di Tangerang. Gw butuh orang untuk samperin pool White Horse di Tangerang, cari orang yang jaga dsana, lalu gw telpon orangnya.  Yang bisa bantu gw malem ini juga,gw kasi cash. Tolong ya @txtdaritng","URGENT! Butuh bantuan driver gojek / grab ato siapapun yang domisilinya di Tangerang. Gw butuh orang untuk samperin pool White Horse di Tangerang, cari orang yang jaga dsana, lalu gw telpon orangnya.  Yang bisa bantu gw malem ini juga,gw kasi cash. Tolong ya @txtdaritng","2021-12-06 09:35:07","Twitter for Android",8,9,"in","","original","",0,0,"",0,0,354396217,"https://pbs.twimg.com/profile_images/844044943370805248/VGTBWGXO_normal.jpg",19314,598,660,"2011-08-13 13:03:56","I share about how to be productive daily via IG: klopclub. Other resources that you can get to improve your productivity, click this link:","","",
58,1467863524810444801,"https://twitter.com/radeenza/statuses/1467863524810444801","https://twitter.com/radeenza/statuses/1467863524810444801","radeenza","â˜† testi voc gojek by rara â˜†","â˜† testi voc gojek by rara â˜†","2021-12-06 09:28:30","Twitter for Android",0,1,"in","","original","",0,0,"",0,0,1455074854017781765,"https://pbs.twimg.com/profile_images/1467440438218932224/3yMK5AaY_normal.jpg",28,68,61,"2021-11-01 03:32:32","` welcome to wonderland, deliver you to satisfied service ğŸŒ™   business account || please mention after dm","payment: dana gopay shopay ovo","",
59,1467828400064585729,"https://twitter.com/Lavcool2/statuses/1467828400064585729","https://twitter.com/Lavcool2/statuses/1467828400064585729","Lavcool2","@jomblowatih @AREAJULID 10 JUTAMAH BARU UANG UGD YG LU COLONG DARI ATM LORAAA GAAAA. 7jt lebih sih cuma kan ya ga adil aja. BELOM LAGI BIAYA PP GOJEK LO BUAT NENGOKIN LAURA ITUKAN LAURA YG BAYAR BUSET","@jomblowatih @AREAJULID 10 JUTAMAH BARU UANG UGD YG LU COLONG DARI ATM LORAAA GAAAA. 7jt lebih sih cuma kan ya ga adil aja. BELOM LAGI BIAYA PP GOJEK LO BUAT NENGOKIN LAURA ITUKAN LAURA YG BAYAR BUSET","2021-12-06 07:08:56","Twitter for Android",5,1,"in","","reply","jomblowatih",1033764433,1467825431961169922,"",0,0,1000793419382325248,"https://pbs.twimg.com/profile_images/1407068133576355844/eiO5IQ93_normal.jpg",6375,316,93,"2018-05-27 13:38:39","a 21 yo young woman. a student. a fangirl. a human. Terkadang akun sambat juga. Xixi","","",
60,1467776749169635331,"https://twitter.com/lonaricute/statuses/1467776749169635331","https://twitter.com/lonaricute/statuses/1467776749169635331","lonaricute","siapapun itu, ada yg punya promo goride gojek gaa selain gojekinaja, soalnya itu udh dipakai","siapapun itu, ada yg punya promo goride gojek gaa selain gojekinaja, soalnya itu udh dipakai","2021-12-06 03:43:41","Twitter for Android",2,1,"in","","original","",0,0,"",0,0,1292332806052253696,"https://pbs.twimg.com/profile_images/1462843052268023808/tXFmrNJD_normal.jpg",1581,122,3,"2020-08-09 01:32:29","pusink memikirkan bias ku siapa","","",
61,1467771296607969280,"https://twitter.com/txtorangmedan/statuses/1467771296607969280","https://twitter.com/txtorangmedan/statuses/1467771296607969280","txtorangmedan","Kekmana orang gak takut naik angkot, kapan dia belok aja cuman supir sama tuhan yg tau, ntar di serobot grab/gojek ngamok ngamok pantek","Kekmana orang gak takut naik angkot, kapan dia belok aja cuman supir sama tuhan yg tau, ntar di serobot grab/gojek ngamok ngamok pantek","2021-12-06 03:22:01","Twitter for Android",48,18,"in","","original","",0,0,"",0,0,1335321240463032320,"https://pbs.twimg.com/profile_images/1417921080040165378/V3LfvGYv_normal.jpg",745,20,7377,"2020-12-05 15:33:13","gausah pala kau bereng, nanti ku colok mata kau | klik link di bawah untuk info lainnya","Medan","",
62,1467722531553832960,"https://twitter.com/dbsuli/statuses/1467722531553832960","https://twitter.com/dbsuli/statuses/1467722531553832960","dbsuli","@convomf Gw ada nih cerita memalukan sama abang ojol, berangkat sekolah kesiangan trus naik gojek niatnya mau cepet malah kejebak macet, dijalan gue udh panik banget. Trus sampe lah tu depan gerbang sekolah, bukannya ngasi uang , gue malah salim sambil bilang ""berangkat dulu ya"" ğŸ˜­ğŸ˜­","@convomf Gw ada nih cerita memalukan sama abang ojol, berangkat sekolah kesiangan trus naik gojek niatnya mau cepet malah kejebak macet, dijalan gue udh panik banget. Trus sampe lah tu depan gerbang sekolah, bukannya ngasi uang , gue malah salim sambil bilang ""berangkat dulu ya"" ğŸ˜­ğŸ˜­","2021-12-06 00:08:15","Twitter for Android",123,11,"in","","reply","convomf",1314975287294083073,1467495253888303107,"",0,0,1070950474319187968,"https://pbs.twimg.com/profile_images/1449972255572705285/_HiSl7fu_normal.jpg",2029,246,166,"2018-12-07 02:57:45","hush.","","",
63,1467697076444164099,"https://twitter.com/scemiliah/statuses/1467697076444164099","https://twitter.com/scemiliah/statuses/1467697076444164099","scemiliah","gojek mahal bgt su","gojek mahal bgt su","2021-12-05 22:27:06","Twitter for iPhone",1,1,"in","","original","",0,0,"",0,0,497888385,"https://pbs.twimg.com/profile_images/1469402504139968512/sxnI6BTJ_normal.jpg",36860,329,668,"2012-02-20 08:26:50","tetap sambat walaupun tida ada yang peduli aku","DKI Jakarta, Indonesia","",
64,1467658902976098305,"https://twitter.com/HanakoZona/statuses/1467658902976098305","https://twitter.com/HanakoZona/statuses/1467658902976098305","HanakoZona","Akhirnya gw udah pinter buka tali pengait helm gojek.. begitu turun, helm uda siap kuserahkan ke abang gojek..okesip sebuah achievement ğŸ¤—","Akhirnya gw udah pinter buka tali pengait helm gojek.. begitu turun, helm uda siap kuserahkan ke abang gojek..okesip sebuah achievement ğŸ¤—","2021-12-05 19:55:24","Twitter for iPhone",10,1,"in","","original","",0,0,"",0,0,1285229414255456257,"https://pbs.twimg.com/profile_images/1446691128938405897/aRwupoQ-_normal.jpg",3515,41,37,"2020-07-20 11:05:59","Ice tea lover.. travel sometimes.. tukang bunga..twit random..ğŸ’š","","",
65,1467652024556683266,"https://twitter.com/zshihomiyano/statuses/1467652024556683266","https://twitter.com/zshihomiyano/statuses/1467652024556683266","zshihomiyano","@_ikaa_ @TonyChopperBali @gojekindonesia @GrabID karena gojek -- sama seperti iklan nyuruh tips timbang benerin diri -- sering ngaco. driver di mana, penumpang atau resto 5 km dari driver, anter makanannya 5 km dari resto, eh, ongkosnya (sering sekali) tetap aja 8rb.","@_ikaa_ @TonyChopperBali @gojekindonesia @GrabID karena gojek -- sama seperti iklan nyuruh tips timbang benerin diri -- sering ngaco. driver di mana, penumpang atau resto 5 km dari driver, anter makanannya 5 km dari resto, eh, ongkosnya (sering sekali) tetap aja 8rb.","2021-12-05 19:28:04","Twitter Web App",1,1,"in","","reply","_ikaa_",81295367,1467649312330903556,"",0,0,759075099307749376,"https://pbs.twimg.com/profile_images/1467610048117424129/iA_pUmkl_normal.jpg",8771,1204,77,"2016-07-29 13:16:21","she/her. sa dukung dipercepatnya hari kiamat.","","",
66,1467562627383447552,"https://twitter.com/argaworth/statuses/1467562627383447552","https://twitter.com/argaworth/statuses/1467562627383447552","argaworth","@f1speed_indo prokes harus tetep jalan : naek gojek bawa helm sendiri ğŸ","@f1speed_indo prokes harus tetep jalan : naek gojek bawa helm sendiri ğŸ","2021-12-05 13:32:51","Twitter for iPhone",3,1,"in","","reply","f1speed_indo",1019746932833468416,1467561608574500866,"",0,0,148319275,"https://pbs.twimg.com/profile_images/1444262790768709634/9tovir9a_normal.jpg",3301,119,479,"2010-05-26 07:53:59","I love motorsports & living on tech stuffs. Stay focus on the track. Know your worth. Get the job done.","","",
67,1467533263627374594,"https://twitter.com/mahdinosaur/statuses/1467533263627374594","https://twitter.com/mahdinosaur/statuses/1467533263627374594","mahdinosaur","I wish every abang gojek yang kaca helmnya kaga bisa dinaekin a very banyak rejeki biar bisa beli helm baru amin.","I wish every abang gojek yang kaca helmnya kaga bisa dinaekin a very banyak rejeki biar bisa beli helm baru amin.","2021-12-05 11:36:10","Twitter for Android",152,16,"in","","original","",0,0,"",0,0,1155538111742406656,"https://pbs.twimg.com/profile_images/1468253502241529857/DW6xjma4_normal.jpg",122537,3045,10938,"2019-07-28 13:58:49","kurang tau.","internet ladang amal","",
68,1467509167933911041,"https://twitter.com/fallforseungmin/statuses/1467509167933911041","https://twitter.com/fallforseungmin/statuses/1467509167933911041","fallforseungmin","@jijigojek Famousan neng gojek lah","@jijigojek Famousan neng gojek lah","2021-12-05 10:00:25","Twitter for Android",1,1,"in","","reply","jijigojek",1412695335382650881,1467501635572101123,"",0,0,1047655779178704897,"https://pbs.twimg.com/profile_images/1417420861816987649/Th18zX9K_normal.jpg",262165,12674,15597,"2018-10-03 21:12:57","fanboying over stray kids and girlgroups enthusiast âœ¨","","",
69,1467489710083698689,"https://twitter.com/kamaputtra/statuses/1467489710083698689","https://twitter.com/kamaputtra/statuses/1467489710083698689","kamaputtra","@papapanda0911 @alfamart Halo Pap, mau cerita juga hari ini aku juga baru dapet driver @gojekindonesia yang Tunarungu. Dan diaplikasi dikasih keterangan kalau driver tsb. tunarunggu jadi ga bikin miskom antara kita sama driver. Dan kagumnya, beliau mengendarai motor dengan baik. Good job Gojek! :)","@papapanda0911 @alfamart Halo Pap, mau cerita juga hari ini aku juga baru dapet driver @gojekindonesia yang Tunarungu. Dan diaplikasi dikasih keterangan kalau driver tsb. tunarunggu jadi ga bikin miskom antara kita sama driver. Dan kagumnya, beliau mengendarai motor dengan baik. Good job Gojek! :)","2021-12-05 08:43:06","Twitter for Android",85,7,"in","","reply","papapanda0911",1300471867136864260,1467462807960514561,"",0,0,1464494418023563265,"https://pbs.twimg.com/profile_images/1466344048365428736/iI_dg5_m_normal.jpg",826,75,67,"2021-11-27 02:21:02","Your friend. Perhaps.","Dunia tipu - tipu","",
70,1467469545736577026,"https://twitter.com/nic04722/statuses/1467469545736577026","https://twitter.com/nic04722/statuses/1467469545736577026","nic04722","@evylagi Pantesan gojek iklannya di yutub jaminan saldo kembali, ternyata pelakunya.....ğŸ¤£ğŸ¤£ğŸ¤£","@evylagi Pantesan gojek iklannya di yutub jaminan saldo kembali, ternyata pelakunya.....ğŸ¤£ğŸ¤£ğŸ¤£","2021-12-05 07:22:58","Twitter Web App",2,2,"in","","reply","evylagi",697039584207581184,1467431156119314436,"",0,0,877173446,"https://pbs.twimg.com/profile_images/1337918204778188800/YK1C9aPj_normal.jpg",18055,886,893,"2012-10-13 02:15:01","Bukan siapa siapa, gak perlu harus difollow...","","",
71,1467421965879152641,"https://twitter.com/tukangngopihits/statuses/1467421965879152641","https://twitter.com/tukangngopihits/statuses/1467421965879152641","tukangngopihits","Di tungguÂ² ga ada jg ya cicilan hp dr @gojekindonesia ? Pdhl ini lbh bermanfaat buat driver drpd swadaya yg blm tepat sasaran semua. Coba kita bikin polingÂ²an apakah setuju gojek kasih cicilan HP? Ya minimal spek nya 4/64 batre 6000mAH gt ğŸ¤­","Di tungguÂ² ga ada jg ya cicilan hp dr @gojekindonesia ? Pdhl ini lbh bermanfaat buat driver drpd swadaya yg blm tepat sasaran semua. Coba kita bikin polingÂ²an apakah setuju gojek kasih cicilan HP? Ya minimal spek nya 4/64 batre 6000mAH gt ğŸ¤­","2021-12-05 04:13:54","Twitter for Android",1,0,"in","","original","",0,0,"",0,0,590187538,"https://pbs.twimg.com/profile_images/1460078584752590854/m37qAvhh_normal.jpg",21417,553,584,"2012-05-25 13:53:04","gojek saja ga punya akun lain. penikmat kopi hitam non gula. #GojekOnTwitter #ayah3anak| Non-Blok| NoPolitic|  #GOT #jasatitip #jasaantar #ButuhDriver","di dalam cangkir kopi","",
72,1467407523082694656,"https://twitter.com/Ojol53353092/statuses/1467407523082694656","https://twitter.com/Ojol53353092/statuses/1467407523082694656","Ojol53353092","@andres_aditya @amat_bn @ninong74 @Jun__Dev @EnggalPamukty Gofood gojek dapatnya lebih gede..potongan harga resto dapat .dri drvier 20Perseb dapat .dan dri custsmer dapat","@andres_aditya @amat_bn @ninong74 @Jun__Dev @EnggalPamukty Gofood gojek dapatnya lebih gede..potongan harga resto dapat .dri drvier 20Perseb dapat .dan dri custsmer dapat","2021-12-05 03:16:31","Twitter Web App",2,1,"in","","reply","andres_aditya",1468789525,1467346240618729479,"",0,0,1201890429295153152,"https://pbs.twimg.com/profile_images/1203276628165455874/s6zvVIyl_normal.jpg",833,167,23,"2019-12-03 10:46:48","Anda order kami jemput","","",
73,1467402439825395713,"https://twitter.com/OmKodoQ/statuses/1467402439825395713","https://twitter.com/OmKodoQ/statuses/1467402439825395713","OmKodoQ","@EnggalPamukty 1. karena apa? 2. yg diomongin Nadiem bukan ke Rekan Driver, tp ke Karyawan di kantor Gojek 3. yg anda lakukan itu ke Driver DAN GAK ADA PENGARUHNYA! 4. bodo amat luw mau bayar pake aplikasi atau cash, yg ngaruh buat Driver itu TIPS!","@EnggalPamukty 1. karena apa? 2. yg diomongin Nadiem bukan ke Rekan Driver, tp ke Karyawan di kantor Gojek 3. yg anda lakukan itu ke Driver DAN GAK ADA PENGARUHNYA! 4. bodo amat luw mau bayar pake aplikasi atau cash, yg ngaruh buat Driver itu TIPS!","2021-12-05 02:56:19","Twitter for Android",2,1,"in","","reply","EnggalPamukty",1142030368742133760,1467078897074249729,"",0,0,993505542,"https://pbs.twimg.com/profile_images/1077062735144218624/OLHkXwFh_normal.jpg",97007,781,773,"2012-12-06 12:42:13","Strangerian Gemblung - Social Traveler - Barista Gadungan - Accidental Photographer - 2 Steps Behind You","Bumi","",
74,1467400010975236097,"https://twitter.com/VeritasArdentur/statuses/1467400010975236097","https://twitter.com/VeritasArdentur/statuses/1467400010975236097","VeritasArdentur","Gojek itu register merk dengan kelas 9.  Yakni untuk aplikasi standalone yang didownload.  Sedangkan arsitektur gojek dan tokopedia sendiri menggunakan model microservices, di mana secara real time dia mengakses server.  Dan ini masuk ke dalam kelas 42.","Gojek itu register merk dengan kelas 9.  Yakni untuk aplikasi standalone yang didownload.  Sedangkan arsitektur gojek dan tokopedia sendiri menggunakan model microservices, di mana secara real time dia mengakses server.  Dan ini masuk ke dalam kelas 42.","2021-12-05 02:46:40","Twitter for Android",6,5,"in","","original","",0,0,"",0,0,1061986531,"https://pbs.twimg.com/profile_images/1461689433678176267/WNelXs1j_normal.jpg",183088,2420,19867,"2013-01-04 21:40:43","Absolutely vicious if prodded into an aggressive situation. Sedikit sengklek, couldnt care less.  Disclaimer: Ava akibat FaceApp belaka.","","",
75,1467381749508308992,"https://twitter.com/oneus_ind/statuses/1467381749508308992","https://twitter.com/oneus_ind/statuses/1467381749508308992","oneus_ind","Batas akhir GA: 24 Desember 2021 23:59 WIB.  Tiga pemenang beruntung bakal dapet: 1. LiB merch full set (incl PoB &amp; ID) + album (member dan album random) 2. SEALED album Blood Moon boleh pilih versi 3. Saldo 100rb (shopeepay/dana/OVO/gojek)  Yuk ikut dan ramaikan!ğŸ˜ŠğŸ¥° #ONEUS","Batas akhir GA: 24 Desember 2021 23:59 WIB.  Tiga pemenang beruntung bakal dapet: 1. LiB merch full set (incl PoB &amp; ID) + album (member dan album random) 2. SEALED album Blood Moon boleh pilih versi 3. Saldo 100rb (shopeepay/dana/OVO/gojek)  Yuk ikut dan ramaikan!ğŸ˜ŠğŸ¥° #ONEUS","2021-12-05 01:34:06","Twitter for Android",4,3,"in","","reply","oneus_ind",1282928340819562496,1467381747964805120,"",0,0,1282928340819562496,"https://pbs.twimg.com/profile_images/1347552490837790727/DTWzr3v2_normal.png",2236,25,716,"2020-07-14 02:42:18","Halo kami ONEUS Fanbase dari INDONESIAğŸ‡®ğŸ‡© | We are ONEUS Fanbase from Indonesia | @official_ONEUS | IG: oneus.indonesia | contact us at DM","cek hastag #oneus_ind & web!","",
76,1467373775016857603,"https://twitter.com/tigisatnihs/statuses/1467373775016857603","https://twitter.com/tigisatnihs/statuses/1467373775016857603","tigisatnihs","@GoDisko Hah ininihhh!!! Kapan gitu baca thread ada abang gojek berani bilang, pengen pegang.  Anjirlah ni orang2 kebanyakan halu dikira penumpang semua kek siskaee apa.","@GoDisko Hah ininihhh!!! Kapan gitu baca thread ada abang gojek berani bilang, pengen pegang.  Anjirlah ni orang2 kebanyakan halu dikira penumpang semua kek siskaee apa.","2021-12-05 01:02:25","Twitter Web App",178,14,"in","","reply","GoDisko",37599769,1467325967353872385,"",0,0,404218668,"https://pbs.twimg.com/profile_images/1450070814003326978/pSSqN0bK_normal.jpg",18734,491,192,"2011-11-03 12:21:11","akun pseudonim, mute/unfol aja. ---sesungguhnya kematian itu dekat, dan mendekat---","Plat AB","",
77,1467320596249808896,"https://twitter.com/FPL_oky17/statuses/1467320596249808896","https://twitter.com/FPL_oky17/statuses/1467320596249808896","FPL_oky17","@balidj78 @EnggalPamukty Gojek tutup, ya jadi ojek pangkalan semua... ğŸ˜","@balidj78 @EnggalPamukty Gojek tutup, ya jadi ojek pangkalan semua... ğŸ˜","2021-12-04 21:31:06","Twitter for Android",1,1,"in","","reply","balidj78",68912350,1467309024672575488,"",0,0,1158595877298003968,"https://pbs.twimg.com/profile_images/1455379901993738245/ymQjY8tU_normal.jpg",16543,919,430,"2019-08-06 00:29:17","ğŸ•‹ âš½ğŸ®ğŸˆ#FPL Manager X ID ğŸ‡®ğŸ‡© (|||+) ğŸ”´âš« ğŸ” --- Qolallah Wa Qola Rasulullah https://t.co/X3bW8uXvV1","Tholabul Ilmi","",
78,1467309609622769668,"https://twitter.com/injuniyaa/statuses/1467309609622769668","https://twitter.com/injuniyaa/statuses/1467309609622769668","injuniyaa","@irwandedi09 @EnggalPamukty jangan di batalin bang.. kl di batalin ngaruh juga ke driver bakal susah dapat orderan dan kl keseringan kena suspend(ayah saya pernah soalnya).. kl mau gitu mending ke pangkalan gojek di sekitar situ aja langsung bilang mau kemana terus ga usha pake apps","@irwandedi09 @EnggalPamukty jangan di batalin bang.. kl di batalin ngaruh juga ke driver bakal susah dapat orderan dan kl keseringan kena suspend(ayah saya pernah soalnya).. kl mau gitu mending ke pangkalan gojek di sekitar situ aja langsung bilang mau kemana terus ga usha pake apps","2021-12-04 20:47:26","Twitter for Android",9,2,"in","","reply","irwandedi09",720752790276976640,1467244242145665025,"",0,0,1237635212785283072,"https://pbs.twimg.com/profile_images/1462615651286089731/BFHXhYmN_normal.jpg",30961,1412,1289,"2020-03-11 03:03:42","é»„ Niiáµ› ğŸ™ ğŸ‡®ğŸ‡©ğŸ’š #Renjun #Xiaojun  #Hendery #Ten #Yuta ğŸ’šğŸ’š #WayV and #NCTDREAM ğŸ’šğŸ’š","Selective","",
79,1467309024672575488,"https://twitter.com/balidj78/statuses/1467309024672575488","https://twitter.com/balidj78/statuses/1467309024672575488","balidj78","@EnggalPamukty Kalo pada ga mau bayar lewat aplikasi resmi atau ga mau bayar biaya ke aplikator lalu Gojek tutup siapa yg rugi at the end? Semua bisnis juga perlu monetization supaya bisa jalan, tinggal dicari penyeimbangnya. Ga gampang muasin user, driver n make profit buat perusahaan.","@EnggalPamukty Kalo pada ga mau bayar lewat aplikasi resmi atau ga mau bayar biaya ke aplikator lalu Gojek tutup siapa yg rugi at the end? Semua bisnis juga perlu monetization supaya bisa jalan, tinggal dicari penyeimbangnya. Ga gampang muasin user, driver n make profit buat perusahaan.","2021-12-04 20:45:07","Twitter for Android",41,5,"in","","reply","balidj78",68912350,1467307816150913025,"",0,0,68912350,"https://pbs.twimg.com/profile_images/1073405482889469957/jzBAoq-8_normal.jpg",6532,1571,1660,"2009-08-26 02:05:58","a trully gemini, adventurer and explorer","ÃœT: -8.778668,115.184831","",
80,1467307816150913025,"https://twitter.com/balidj78/statuses/1467307816150913025","https://twitter.com/balidj78/statuses/1467307816150913025","balidj78","@EnggalPamukty Ribet amat, kalau mau abangnya dapat lebih ya kasih tips lah. Gojek atau perusahaan sejenis bikin teknologi yg memudahkan kita, emang ga pake duit bayar dev, server, operasional, belum incentives pengguna supaya tetap pakai pakai aplikasi, investasi edukasi user n driver, etc","@EnggalPamukty Ribet amat, kalau mau abangnya dapat lebih ya kasih tips lah. Gojek atau perusahaan sejenis bikin teknologi yg memudahkan kita, emang ga pake duit bayar dev, server, operasional, belum incentives pengguna supaya tetap pakai pakai aplikasi, investasi edukasi user n driver, etc","2021-12-04 20:40:19","Twitter for Android",69,18,"in","","reply","EnggalPamukty",1142030368742133760,1467078897074249729,"",0,0,68912350,"https://pbs.twimg.com/profile_images/1073405482889469957/jzBAoq-8_normal.jpg",6532,1571,1660,"2009-08-26 02:05:58","a trully gemini, adventurer and explorer","ÃœT: -8.778668,115.184831","",
81,1467305617572315137,"https://twitter.com/ninong74/statuses/1467305617572315137","https://twitter.com/ninong74/statuses/1467305617572315137","ninong74","@Jun__Dev @EnggalPamukty waduh ??.. ngeri dan kasian banget.. mending carter gojek , trus nego dengan driver nya.., liat tarif perjalanan dan bayar lsg ke drivernya kalo gitu.., pergunakan aplikasi hanya utk lihat tarif aja.. ğŸ™","@Jun__Dev @EnggalPamukty waduh ??.. ngeri dan kasian banget.. mending carter gojek , trus nego dengan driver nya.., liat tarif perjalanan dan bayar lsg ke drivernya kalo gitu.., pergunakan aplikasi hanya utk lihat tarif aja.. ğŸ™","2021-12-04 20:31:35","Twitter Web App",12,2,"in","","reply","Jun__Dev",794752210802393089,1467137897354592258,"",0,0,816496102123810817,"https://pbs.twimg.com/profile_images/1404000356820938756/0_Ilyy-p_normal.jpg",3899,310,212,"2017-01-03 23:06:55","I love it when a plan comes together","","",
82,1467284552318001155,"https://twitter.com/thikaka/statuses/1467284552318001155","https://twitter.com/thikaka/statuses/1467284552318001155","thikaka","@strike_bravo_b Gw kerja di gojek 4.5tahun pas kantor masi kecil di kemang. Starting salary mayan kecil kaya FG pdhl gw bukan FG. Never once i felt exploitated there krn working environmentnya ğŸ‘ğŸ’« ask everyone in there. Kenaikan gaji smp tahun terakhir jg baik.","@strike_bravo_b Gw kerja di gojek 4.5tahun pas kantor masi kecil di kemang. Starting salary mayan kecil kaya FG pdhl gw bukan FG. Never once i felt exploitated there krn working environmentnya ğŸ‘ğŸ’« ask everyone in there. Kenaikan gaji smp tahun terakhir jg baik.","2021-12-04 19:07:52","Twitter for Android",2,1,"in","","reply","strike_bravo_b",1448080308,1466706582834597894,"",0,0,60072151,"https://pbs.twimg.com/profile_images/1095373637362769920/VTPOR9P2_normal.jpg",9254,349,563,"2009-07-25 10:49:14","i use twitter for 3Cs : Complaint, Compliment & Curhat","Jakarta","",
83,1467276954042650626,"https://twitter.com/sluttyyyyyfirst/statuses/1467276954042650626","https://twitter.com/sluttyyyyyfirst/statuses/1467276954042650626","sluttyyyyyfirst","gausah dm dm minta di rate dick nya ya. gue main twitter berasa naik gojek, diminta kasih rating mulu.","gausah dm dm minta di rate dick nya ya. gue main twitter berasa naik gojek, diminta kasih rating mulu.","2021-12-04 18:37:41","Twitter for iPhone",2,2,"in","","original","",0,0,"",0,0,1444229475244261381,"https://pbs.twimg.com/profile_images/1462032212128272386/JTmcweF2_normal.jpg",530,93,176,"2021-10-02 05:15:23","160cm without heels, 165cm with heels, 110cm if i really like u.","","",
84,1467273073158017025,"https://twitter.com/br0wski/statuses/1467273073158017025","https://twitter.com/br0wski/statuses/1467273073158017025","br0wski","Ngeri sekali depan mata gojek masuk kolong bis + motor2nya","Ngeri sekali depan mata gojek masuk kolong bis + motor2nya","2021-12-04 18:22:15","Twitter for iPhone",2,2,"in","","original","",0,0,"",0,0,269111102,"https://pbs.twimg.com/profile_images/1240631968003309568/b93XCkEi_normal.jpg",12888,922,7165,"2011-03-19 23:41:06","Surfing","","",
85,1467244242145665025,"https://twitter.com/irwandedi09/statuses/1467244242145665025","https://twitter.com/irwandedi09/statuses/1467244242145665025","irwandedi09","@EnggalPamukty Gini nih maksudnya,mas @EnggalPamukty order dl melalui aplikasi,begitu babang gijeknya dtg,di negolah utk offline,order dibatalin,tp tetep naik,jd bayarnya cash ke babang gojek biar babang gojek ga kepotong saldo gopaynya 20%.","@EnggalPamukty Gini nih maksudnya,mas @EnggalPamukty order dl melalui aplikasi,begitu babang gijeknya dtg,di negolah utk offline,order dibatalin,tp tetep naik,jd bayarnya cash ke babang gojek biar babang gojek ga kepotong saldo gopaynya 20%.","2021-12-04 16:27:42","Twitter for Android",110,11,"in","","reply","EnggalPamukty",1142030368742133760,1467078897074249729,"",0,0,720752790276976640,"https://pbs.twimg.com/profile_images/1401310807758016513/YDeFcHjC_normal.jpg",490,320,12,"2016-04-14 19:17:11","","","",
86,1467239068098461697,"https://twitter.com/noturkindagurll/statuses/1467239068098461697","https://twitter.com/noturkindagurll/statuses/1467239068098461697","noturkindagurll","@xfmx124 Aku ga ada kamar kosong tapi kamu bisa tidur di kamar aku nanti aku yang tidur di bawah. Sekitaran BSD atau Tangsel. Kalo mau dijemput atau naik gojek aku yang bayar. Untuk makan aman kok. Curhat juga aman privasi pasti dijaga. Boleh stay sampe keadaan stabil. Hmu :)","@xfmx124 Aku ga ada kamar kosong tapi kamu bisa tidur di kamar aku nanti aku yang tidur di bawah. Sekitaran BSD atau Tangsel. Kalo mau dijemput atau naik gojek aku yang bayar. Untuk makan aman kok. Curhat juga aman privasi pasti dijaga. Boleh stay sampe keadaan stabil. Hmu :)","2021-12-04 16:07:08","Twitter for iPhone",89,21,"in","","reply","Sis4SafeSpace",725349607807455232,1467113654990487554,"",0,0,977270169067114496,"https://pbs.twimg.com/profile_images/1455940206377398273/WV8UU5Z4_normal.jpg",11678,542,171,"2018-03-23 15:45:39","20ğŸŒˆğŸ³ï¸â€ğŸŒˆğŸ’œ enjoy my sadness. She/her. No minor pls.","Nowhere","",
87,1467220188214947845,"https://twitter.com/pfizerDulula/statuses/1467220188214947845","https://twitter.com/pfizerDulula/statuses/1467220188214947845","pfizerDulula","@mynewshub Lepas tu masuk Syed sadik nk bawak 1juta peluang kerja. Sembang rancak rupenye gojek. Slamat la BN supporter tk bodoh mcm PH, kalau tk mesti ckp gojek tu SS punye... Hemm","@mynewshub Lepas tu masuk Syed sadik nk bawak 1juta peluang kerja. Sembang rancak rupenye gojek. Slamat la BN supporter tk bodoh mcm PH, kalau tk mesti ckp gojek tu SS punye... Hemm","2021-12-04 14:52:07","Twitter for Android",5,1,"in","","reply","mynewshub",289976069,1467005347982237696,"",0,0,885842937036259329,"https://pbs.twimg.com/profile_images/1443293040857083905/uST-hZJO_normal.jpg",3919,47,34,"2017-07-14 08:46:29","Soccer Tech Sports","","",
88,1467156234721640457,"https://twitter.com/llaatifah/statuses/1467156234721640457","https://twitter.com/llaatifah/statuses/1467156234721640457","llaatifah","Baru tadi nemu driver gojek yg receh tapi malu maluin kalo ketawa keras bgtğŸ˜­ berasa bestie.","Baru tadi nemu driver gojek yg receh tapi malu maluin kalo ketawa keras bgtğŸ˜­ berasa bestie.","2021-12-04 10:37:59","Twitter for Android",1,1,"in","","original","",0,0,"",0,0,224970222,"https://pbs.twimg.com/profile_images/1461349265188397063/xejAN1Kv_normal.jpg",33416,93,638,"2010-12-10 04:48:35","","","",
89,1467152029705326597,"https://twitter.com/ayakaleila/statuses/1467152029705326597","https://twitter.com/ayakaleila/statuses/1467152029705326597","ayakaleila","@ardianto_624 @ListyoSigitP keren pak ğŸ˜­ grab gojek dll lebih responsif pula. semangat pak ğŸ™ğŸ»","@ardianto_624 @ListyoSigitP keren pak ğŸ˜­ grab gojek dll lebih responsif pula. semangat pak ğŸ™ğŸ»","2021-12-04 10:21:16","Twitter Web App",134,4,"in","","reply","ardianto_624",1130958267922898944,1467137023446114304,"",0,0,1409824559360925701,"https://pbs.twimg.com/profile_images/1465931286359339008/ikL8xCJm_normal.jpg",2903,165,117,"2021-06-29 06:42:30","she/her talks about animes, rex and daily life","Edo Supermarket / TOHKA School","",
90,1467151120963231744,"https://twitter.com/MakelarResmi/statuses/1467151120963231744","https://twitter.com/MakelarResmi/statuses/1467151120963231744","MakelarResmi","@SFatoni_1 @EnggalPamukty Maksudnya pake jasanya tanpa aplikasinya. Masalah tarif liat diaplikasi. Jadi gojek sediain jasa penentu tarif aja. Kalo semua kompak begini.","@SFatoni_1 @EnggalPamukty Maksudnya pake jasanya tanpa aplikasinya. Masalah tarif liat diaplikasi. Jadi gojek sediain jasa penentu tarif aja. Kalo semua kompak begini.","2021-12-04 10:17:40","Twitter for Android",19,1,"in","","reply","SFatoni_1",1354675305319866368,1467083439899701251,"",0,0,111874300,"https://pbs.twimg.com/profile_images/1344511627211599875/K_3pyhZN_normal.jpg",5031,101,48,"2010-02-06 07:38:39","Anti Narkoba smp mati InshaAllah","","",
91,1467150390437183488,"https://twitter.com/goaweygo/statuses/1467150390437183488","https://twitter.com/goaweygo/statuses/1467150390437183488","goaweygo","@EnggalPamukty gk order via gojek tp pake driver gojek gitu mksdnya? ya gpp sih, tp bagi gua d dunia yg gk berpihak2 amat sma cwek, order pake gojek salah satunya krn lbh safety. ada fitur kemanan yg bisa gua krim link nya k temen dn tmen bisa ngetrack perjalanan kita.","@EnggalPamukty gk order via gojek tp pake driver gojek gitu mksdnya? ya gpp sih, tp bagi gua d dunia yg gk berpihak2 amat sma cwek, order pake gojek salah satunya krn lbh safety. ada fitur kemanan yg bisa gua krim link nya k temen dn tmen bisa ngetrack perjalanan kita.","2021-12-04 10:14:46","Twitter for Android",7,1,"in","","reply","EnggalPamukty",1142030368742133760,1467078897074249729,"",0,0,62799378,"https://pbs.twimg.com/profile_images/1469155125130190851/gK454DKE_normal.jpg",107859,1038,1908,"2009-08-04 08:06:29","akun ini mulai menyimpang dari tujuan awalnya untuk menguasai dunia. ğŸŒŸ","Tasik - Bogor - Jakarta","",
92,1467147835145555970,"https://twitter.com/gojekindonesia/statuses/1467147835145555970","https://twitter.com/gojekindonesia/statuses/1467147835145555970","gojekindonesia","Kepada semua masyarakat yang berada di daerah Gunung Semeru, Malang, dan sekitarnya, harap selalu berhati-hati. Semoga selalu diberikan perlindungan dan keselamatan.  Doa kami dari seluruh keluarga Gojek Indonesia.","Kepada semua masyarakat yang berada di daerah Gunung Semeru, Malang, dan sekitarnya, harap selalu berhati-hati. Semoga selalu diberikan perlindungan dan keselamatan.  Doa kami dari seluruh keluarga Gojek Indonesia.","2021-12-04 10:04:36","Twitter for iPhone",74,24,"in","","original","",0,0,"",0,0,226481275,"https://pbs.twimg.com/profile_images/1335106114610839552/sF4s4MMz_normal.jpg",505653,68198,1011802,"2010-12-14 02:44:50","Hai Cerdikiawan. Ini lho udah aku siapin konten2 supaya kamu bisa jalanin hari-hari tanpa repot, karena pake Gojek #PastiAdaJalan. Moga menginspirasi. ğŸ˜˜","Jakarta, Indonesia",1,
93,1467137023446114304,"https://twitter.com/ardianto_624/statuses/1467137023446114304","https://twitter.com/ardianto_624/statuses/1467137023446114304","ardianto_624","@ListyoSigitP Gojek dan grab lebih tegas lagi memutus kontrak kemitraan, jika mitra terbukti langsung putus mitra, kalo ringan ringan sp dua kali sp ya PM ga ada ampun demi menjaga nama baik perusahaan, masak menjaga nama baik institusi(wajah negara)ga bisa sebaik mereka yang sama Â² pelayanan","@ListyoSigitP Gojek dan grab lebih tegas lagi memutus kontrak kemitraan, jika mitra terbukti langsung putus mitra, kalo ringan ringan sp dua kali sp ya PM ga ada ampun demi menjaga nama baik perusahaan, masak menjaga nama baik institusi(wajah negara)ga bisa sebaik mereka yang sama Â² pelayanan","2021-12-04 09:21:39","Twitter Web App",715,67,"in","","reply","ListyoSigitP",1431117605775949824,1467125657859616776,"",0,0,1130958267922898944,"https://pbs.twimg.com/profile_images/1457123198407831553/S1XKkKDF_normal.jpg",6373,235,143,"2019-05-21 18:07:18","Merdeka dan bertanggung jawab dalam iman dan taqwa, hidup ini akan dipintai pertanggung jawaban, suaminya istri Solehah","","",
94,1467123046586613762,"https://twitter.com/secctumsemprra/statuses/1467123046586613762","https://twitter.com/secctumsemprra/statuses/1467123046586613762","secctumsemprra","Kasian Gojek nya kalo ujan deres gini aku pesen gofood","Kasian Gojek nya kalo ujan deres gini aku pesen gofood","2021-12-04 08:26:06","Twitter for Android",4,1,"in","","original","",0,0,"",0,0,1102384335942901760,"https://pbs.twimg.com/profile_images/1461373083478941698/7df2ytew_normal.jpg",25763,1471,16609,"2019-03-03 20:44:41","I\'m not interested with muggle\'s","Semarang","",
95,1467118202928832517,"https://twitter.com/asttrow/statuses/1467118202928832517","https://twitter.com/asttrow/statuses/1467118202928832517","asttrow","@ghastpiracy Iya anjg, temen gue pernah hampir diperko** sempet nolak malah dikunci ruangannya, untung waktu itu temen kosan sebelah pelaku ngetok"" minta minum. Temen gue langsung alesan laper nyari makan kebawah padahal kabur dia lari trus ngumpet disemak"" nunggu gojek","@ghastpiracy Iya anjg, temen gue pernah hampir diperko** sempet nolak malah dikunci ruangannya, untung waktu itu temen kosan sebelah pelaku ngetok"" minta minum. Temen gue langsung alesan laper nyari makan kebawah padahal kabur dia lari trus ngumpet disemak"" nunggu gojek","2021-12-04 08:06:51","Twitter for Android",52,3,"in","","reply","ghastpiracy",1303857367176495105,1466909352149721090,"",0,0,1351476994228195328,"https://pbs.twimg.com/profile_images/1445266173713522690/AjVc68QV_normal.jpg",1301,150,62,"2021-01-19 05:33:24","1 2 3 4 5 6 7","","",
96,1467101669796159492,"https://twitter.com/alexandreanov/statuses/1467101669796159492","https://twitter.com/alexandreanov/statuses/1467101669796159492","alexandreanov","@EnggalPamukty Gojek barusan ngadain bank virtual dng ""jago"" ...kek shopee dng bank virtualnya ""seabank""...tanpa gedung bank tanpa kartu atm tanpa buku tabungan...","@EnggalPamukty Gojek barusan ngadain bank virtual dng ""jago"" ...kek shopee dng bank virtualnya ""seabank""...tanpa gedung bank tanpa kartu atm tanpa buku tabungan...","2021-12-04 07:01:10","Twitter for Android",18,2,"in","","reply","EnggalPamukty",1142030368742133760,1467078897074249729,"",0,0,1135086952720420864,"https://pbs.twimg.com/profile_images/1338434732460187648/aFpgvD8S_normal.jpg",34406,4319,1416,"2019-06-02 03:33:13","Born to be live","","",
97,1467091657254338561,"https://twitter.com/howtodresvvell/statuses/1467091657254338561","https://twitter.com/howtodresvvell/statuses/1467091657254338561","howtodresvvell","dpt gojek random bgt tiap liat anak kecil agak gemuk diteriakin ""gendut""","dpt gojek random bgt tiap liat anak kecil agak gemuk diteriakin ""gendut""","2021-12-04 06:21:22","Twitter for Android",7,3,"in","","original","",0,0,"",0,0,1247811186957012992,"https://pbs.twimg.com/profile_images/1405160563072638978/j5QQXXn__normal.jpg",18377,61,24585,"2020-04-08 04:59:12","mempetisi langit kosong","howtodressvvell@gmail.com","",
98,1467078897074249729,"https://twitter.com/EnggalPamukty/statuses/1467078897074249729","https://twitter.com/EnggalPamukty/statuses/1467078897074249729","EnggalPamukty","Pasca melihat video Nadiem, gw memutuskan untuk membayar abang Ojol dg Cash seperti bayar ojek pangkalan. Aplikasi gw gunakan untuk melihat tarif perjalanan.  Alhamdulillah hari ini ada dua trip, yang penting abangnya tetap pakai jaket Gojek ğŸ˜˜ğŸ˜œ","Pasca melihat video Nadiem, gw memutuskan untuk membayar abang Ojol dg Cash seperti bayar ojek pangkalan. Aplikasi gw gunakan untuk melihat tarif perjalanan.  Alhamdulillah hari ini ada dua trip, yang penting abangnya tetap pakai jaket Gojek ğŸ˜˜ğŸ˜œ","2021-12-04 05:30:40","Twitter for Android",1889,356,"in","","original","",0,0,"",0,0,1142030368742133760,"https://pbs.twimg.com/profile_images/1461244793409835013/_c02dckA_normal.jpg",6891,855,25497,"2019-06-21 07:23:52","Buy and Sell Fine Gold | Business Inquiries: DM","","",
99,1467076682594979843,"https://twitter.com/yuttthv/statuses/1467076682594979843","https://twitter.com/yuttthv/statuses/1467076682594979843","yuttthv","@mahaksara Mobil Pajero, naiknya gojek.","@mahaksara Mobil Pajero, naiknya gojek.","2021-12-04 05:21:52","Twitter for Android",13,1,"in","","reply","mahaksara",1408676600732811267,1467074081027608577,"",0,0,1272151471333597185,"https://pbs.twimg.com/profile_images/1469492794200780800/lEcVVy5a_normal.jpg",2259,122,49,"2020-06-14 08:58:55","ğŸğŸ’/ğŸ• ğ¦ğš ğ¥ğ¨ğ¯ğ ğ­ğšğğ­ğšğ ğ›ğšğ›ğ¢ğğ¬ğŸ»ğŸ","","",
100,1467072940625711107,"https://twitter.com/putupotato/statuses/1467072940625711107","https://twitter.com/putupotato/statuses/1467072940625711107","putupotato","Mau jdi kaya raya supaya gk usah ketar ketir liat ongkos gojek gocar gofood","Mau jdi kaya raya supaya gk usah ketar ketir liat ongkos gojek gocar gofood","2021-12-04 05:07:00","Twitter for iPhone",2,1,"in","","original","",0,0,"",0,0,1450093171183001616,"https://pbs.twimg.com/profile_images/1452690570044854276/1DPyjiOb_normal.jpg",220,144,84,"2021-10-18 09:35:38",18,"(she/her)","",
101,1467044437444358145,"https://twitter.com/brokenhomedaily/statuses/1467044437444358145","https://twitter.com/brokenhomedaily/statuses/1467044437444358145","brokenhomedaily","Siapa disini yang lebih akrab sama abang gojek/grab/ojol ketimbang bapak sendiri?","Siapa disini yang lebih akrab sama abang gojek/grab/ojol ketimbang bapak sendiri?","2021-12-04 03:13:44","Twitter for Android",12,1,"in","","original","",0,0,"",0,0,1356332808,"https://pbs.twimg.com/profile_images/1379019170331860995/SGsZNGAC_normal.jpg",15718,4611,5991,"2013-04-16 04:14:09","Komunitas online untuk teman2 #brokenhome ğŸ˜Š Mention untuk retweet ğŸ”ƒ Join grup telegram klik link di bio ğŸ‘¤","","",
102,1467018040449671174,"https://twitter.com/ashifriady/statuses/1467018040449671174","https://twitter.com/ashifriady/statuses/1467018040449671174","ashifriady","@Outstandjing QRT yg salah konteks jadi ngablu, justru Gojek salary ratenya paling top di industrinya. Kalo dicompare dgn era TV malah ga match, karyawan TV underpaid, karyawan Gojek makmur.","@Outstandjing QRT yg salah konteks jadi ngablu, justru Gojek salary ratenya paling top di industrinya. Kalo dicompare dgn era TV malah ga match, karyawan TV underpaid, karyawan Gojek makmur.","2021-12-04 01:28:51","Twitter for Android",3,1,"in","","reply","Outstandjing",59363362,1466926133782335493,"",0,0,232019984,"https://pbs.twimg.com/profile_images/1261631152244183043/sWdt4n9H_normal.jpg",1770,155,192,"2010-12-29 21:21:49","APlusPlus","Depok Santun âœˆï¸ Batam Keras","",
103,1467002866686578691,"https://twitter.com/zaqianan/statuses/1467002866686578691","https://twitter.com/zaqianan/statuses/1467002866686578691","zaqianan","*turun dari gojek* ğŸ™‡ğŸ¼â€â™€ï¸: â€œmakasih ya pakâ€ bapaknya: â€œiya mba sama-samaâ€ ğŸ™‡ğŸ¼â€â™€ï¸: â€œmari pakâ€ bapaknya: â€œmba helmnyaâ€ ğŸ™‡ğŸ¼â€â™€ï¸: â€œoh iya maaf ya pakğŸ¤¦ğŸ»â€â™‚ï¸â€ sering terjadiğŸ˜","*turun dari gojek* ğŸ™‡ğŸ¼â€â™€ï¸: â€œmakasih ya pakâ€ bapaknya: â€œiya mba sama-samaâ€ ğŸ™‡ğŸ¼â€â™€ï¸: â€œmari pakâ€ bapaknya: â€œmba helmnyaâ€ ğŸ™‡ğŸ¼â€â™€ï¸: â€œoh iya maaf ya pakğŸ¤¦ğŸ»â€â™‚ï¸â€ sering terjadiğŸ˜","2021-12-04 00:28:33","Twitter for iPhone",1,1,"in","","original","",0,0,"",0,0,3269835894,"https://pbs.twimg.com/profile_images/1118514894700048387/ByzT5E8I_normal.jpg",10665,211,342,"2015-07-06 06:09:26","wild but fragile","Jepara, Indonesia","",
104,1466975920380538884,"https://twitter.com/apathoni/statuses/1466975920380538884","https://twitter.com/apathoni/statuses/1466975920380538884","apathoni","Jadi kerja di Gojek berapa lama sebelum gaji naik? ğŸ˜","Jadi kerja di Gojek berapa lama sebelum gaji naik? ğŸ˜","2021-12-03 22:41:29","Twitter for Android",3,1,"in","","original","",0,0,"",0,0,19347797,"https://pbs.twimg.com/profile_images/1453733735048695814/frYHC7pp_normal.jpg",81974,1688,15089,"2009-01-22 12:00:00","Scribbler","ÃœT: -6.512312,106.843396",1,
105,1466962012085182467,"https://twitter.com/awemany/statuses/1466962012085182467","https://twitter.com/awemany/statuses/1466962012085182467","awemany","Dan yg lebih memalukan itu adalah orang"" yg membully akun itu karena salah paham tentang overtime. Merasa hebat berbahasa inggris, tapi sama ngga punya hatinya ama boss gojek.","Dan yg lebih memalukan itu adalah orang"" yg membully akun itu karena salah paham tentang overtime. Merasa hebat berbahasa inggris, tapi sama ngga punya hatinya ama boss gojek.","2021-12-03 21:46:13","Twitter for Android",11,3,"in","","reply","awemany",228724587,1466961231583977474,"",0,0,228724587,"https://pbs.twimg.com/profile_images/1192401374614392832/5vfCcqgC_normal.jpg",79637,1154,46058,"2010-12-20 09:11:22","Grumpy old man. You\'d better watch out.","","",
106,1466955398506696704,"https://twitter.com/gyozaberry/statuses/1466955398506696704","https://twitter.com/gyozaberry/statuses/1466955398506696704","gyozaberry","@strike_bravo_b @Fikuri7 Lowballing market price????????  Gue gak tau ya lu umur berapa dan udh pernah pegang talent acquisition atau engga.  We talked abt gojek ya, yg semua orang itu ngantri buat masuk. Belum lagi \'PRESTISE\', benefit, tunjangan, fasilitas yg mereka kasih.","@strike_bravo_b @Fikuri7 Lowballing market price????????  Gue gak tau ya lu umur berapa dan udh pernah pegang talent acquisition atau engga.  We talked abt gojek ya, yg semua orang itu ngantri buat masuk. Belum lagi \'PRESTISE\', benefit, tunjangan, fasilitas yg mereka kasih.","2021-12-03 21:19:56","Twitter for Android",6,2,"in","","reply","strike_bravo_b",1448080308,1466925687495806977,"",0,0,247174914,"https://pbs.twimg.com/profile_images/1129949288912416768/vktjdmUD_normal.jpg",28684,155,686,"2011-02-04 02:17:00","It\'s Kenny ãƒ»Hey! Say! JUMP ãƒ» MD ãƒ» IND/ENG/JP (âˆ‚Ï‰âˆ‚)","","",
